// AUTO-GENERATED by tools/gen_sprites.py icons-emit — do not edit by hand.
// 24x24 RGB565 UI icons; 0xF81F = transparent sentinel (ART_TRANSPARENT).
#pragma once
#include <stdint.h>

const uint16_t ICON_APPLE[24*24] = {
  0xF81F,0xF81F,0xF81F,0xF81F,0xF81F,0xF81F,0xF81F,0xF81F,0xF81F,0xF81F,0xF81F,0xF81F,0xF81F,0xF81F,0xF81F,0xF81F,0xF81F,0xF81F,0xF81F,0xF81F,0xF81F,0xF81F,0xF81F,0xF81F,
  0xF81F,0xF81F,0xF81F,0xF81F,0xF81F,0xF81F,0xF81F,0xF81F,0xF81F,0xF81F,0x0002,0x0002,0x0002,0xF81F,0xF81F,0x0002,0x0002,0xA303,0xA303,0x0002,0x0002,0xF81F,0xF81F,0xF81F,
  0xF81F,0xF81F,0xF81F,0xF81F,0xF81F,0xF81F,0xF81F,0xF81F,0xF81F,0x0002,0xA303,0xA303,0x0002,0xF81F,0x0002,0xA303,0xA303,0x0002,0x0002,0x0002,0x0002,0xF81F,0xF81F,0xF81F,
  0xF81F,0xF81F,0xF81F,0xF81F,0xF81F,0xF81F,0xF81F,0xF81F,0xF81F,0x0002,0xA303,0xB002,0x0002,0x0002,0x0002,0x0002,0x0002,0xA303,0xA303,0x0002,0x0002,0xF81F,0xF81F,0xF81F,
  0xF81F,0xF81F,0xF81F,0xF81F,0xF81F,0xF81F,0x0002,0x0002,0x0002,0x0002,0x6802,0xB002,0x0002,0x0002,0x0002,0xA303,0xA303,0xA303,0x0002,0x0002,0xF81F,0xF81F,0xF81F,0xF81F,
  0xF81F,0xF81F,0xF81F,0xF81F,0x0002,0x0002,0x3802,0xB002,0xB002,0xB002,0x0002,0xB002,0x0002,0x3802,0x0002,0x0002,0x0002,0x0002,0x0002,0x0002,0xF81F,0xF81F,0xF81F,0xF81F,
  0xF81F,0xF81F,0xF81F,0x0002,0x6802,0xF821,0xB802,0x6802,0x7002,0x0002,0x0002,0xB002,0x0002,0x0002,0x0002,0x0002,0x0002,0xF821,0xF821,0x0002,0x0002,0xF81F,0xF81F,0xF81F,
  0xF81F,0xF81F,0x0002,0x6802,0xF821,0xF821,0xF821,0xB802,0xC002,0x6802,0x0002,0x0002,0x0002,0x0002,0x6802,0x7002,0xF821,0xF821,0xF821,0xB802,0x6802,0x0002,0xF81F,0xF81F,
  0xF81F,0x0002,0x3802,0xF821,0xF821,0xF81F,0xF81F,0xF821,0xF821,0xF821,0x7002,0x6802,0x6802,0x6802,0xF821,0xF821,0xF821,0xF821,0xF821,0xB802,0xB802,0x3802,0x0002,0xF81F,
  0xF81F,0x0002,0xB802,0xF821,0xF81F,0xF81F,0xF81F,0xF821,0xF81F,0xF821,0xF821,0xF821,0xF821,0xF821,0xF821,0xF821,0xF81F,0xF821,0xF821,0xB802,0xB802,0xB802,0x0002,0xF81F,
  0x0002,0xB002,0xF821,0xF821,0xF81F,0xF81F,0xF81F,0xF81F,0xF81F,0xF81F,0xF821,0xF821,0xF821,0xF821,0xF81F,0xF81F,0xF821,0xF821,0xB802,0xB802,0xB802,0xB802,0x6802,0x0002,
  0x0002,0xB802,0xF821,0xF821,0xF821,0xF821,0xF81F,0xF821,0xF821,0xF821,0xF821,0xF821,0xF821,0xF821,0xF821,0xF821,0xF821,0xB002,0xB802,0xC002,0xB802,0xB802,0x6802,0x0002,
  0x0002,0xB802,0xF821,0xC002,0xF821,0xF821,0xF821,0xF821,0xF821,0xF821,0xF821,0xF821,0xF821,0xF821,0xF821,0xF821,0xF821,0xC002,0xB802,0xC002,0xB802,0xC002,0x6802,0x0002,
  0x0002,0x7002,0xB002,0xB802,0xB002,0xF821,0xF821,0xF821,0xF821,0xF821,0xF821,0xF821,0xF821,0xF821,0xB002,0xB002,0xB002,0xB802,0xC002,0xB802,0xB802,0x3802,0x6802,0x0002,
  0x0002,0xB002,0xB802,0xB802,0xB802,0xC002,0xF821,0xF821,0xF821,0xF821,0xF821,0xF821,0xF821,0xC002,0xC002,0xC002,0xC002,0xC002,0xB802,0xB802,0xB802,0x6802,0x7002,0x0002,
  0x0002,0x0002,0x6802,0xB802,0xB802,0xB802,0xB802,0xC002,0xC002,0xC002,0xC002,0xC002,0xC002,0xB802,0xB802,0xC002,0xC002,0xC002,0xB802,0xB802,0x6802,0x6802,0x0002,0x0002,
  0xF81F,0x0002,0x6802,0x6802,0xB802,0xC002,0xB802,0xB802,0xB802,0xB802,0xC002,0xC002,0xC002,0xC002,0xC002,0xC002,0xB802,0xC002,0xC002,0x6802,0x6802,0x6802,0x0002,0xF81F,
  0xF81F,0x0002,0x6802,0x6802,0xB802,0xB802,0xB802,0xC002,0xC002,0xC002,0xC002,0xC002,0xC002,0xB802,0xB802,0xB802,0xB802,0x6802,0x6802,0x6802,0x6802,0x7002,0x0002,0xF81F,
  0xF81F,0x0002,0x0002,0x7002,0x6802,0xB802,0xB802,0xC002,0xB802,0xB802,0xC002,0xB802,0xC002,0xC002,0xC002,0xC002,0x6802,0x6802,0x6802,0x6802,0xB802,0x0002,0x0002,0xF81F,
  0xF81F,0xF81F,0x0002,0x0002,0xB802,0x6802,0x6802,0xB802,0xB802,0xC002,0xB802,0xB802,0xC002,0xC002,0x6802,0x6802,0x6802,0x6802,0x6802,0xC002,0x0002,0x0002,0xF81F,0xF81F,
  0xF81F,0xF81F,0xF81F,0x0002,0x0002,0xC002,0x6802,0x6802,0x6802,0x6802,0x6802,0x6802,0x6802,0x6802,0x6802,0x6802,0x6802,0xB802,0xB802,0x0002,0x0002,0xF81F,0xF81F,0xF81F,
  0xF81F,0xF81F,0xF81F,0xF81F,0x0002,0x0002,0xC002,0xC002,0x6802,0x6802,0x0002,0x0002,0x0002,0x6802,0x6802,0x6802,0xC002,0x1002,0x0002,0x0002,0xF81F,0xF81F,0xF81F,0xF81F,
  0xF81F,0xF81F,0xF81F,0xF81F,0xF81F,0x0002,0x0002,0x0002,0x0002,0x0002,0x0002,0x0002,0x0002,0x0002,0x0002,0x0002,0x0002,0x0002,0x0002,0xF81F,0xF81F,0xF81F,0xF81F,0xF81F,
  0xF81F,0xF81F,0xF81F,0xF81F,0xF81F,0xF81F,0xF81F,0xF81F,0xF81F,0xF81F,0xF81F,0xF81F,0xF81F,0xF81F,0xF81F,0xF81F,0xF81F,0xF81F,0xF81F,0xF81F,0xF81F,0xF81F,0xF81F,0xF81F,
};

const uint16_t ICON_SMILEY[24*24] = {
  0xF81F,0xF81F,0xF81F,0xF81F,0xF81F,0xF81F,0xF81F,0xF81F,0xF81F,0xF81F,0xF81F,0xF81F,0xF81F,0xF81F,0xF81F,0xF81F,0xF81F,0xF81F,0xF81F,0xF81F,0xF81F,0xF81F,0xF81F,0xF81F,
  0xF81F,0xF81F,0xF81F,0xF81F,0xF81F,0xF81F,0xF81F,0xF81F,0x0000,0x0000,0x0000,0x0000,0x0000,0x0000,0x0000,0x0000,0xF81F,0xF81F,0xF81F,0xF81F,0xF81F,0xF81F,0xF81F,0xF81F,
  0xF81F,0xF81F,0xF81F,0xF81F,0xF81F,0xF81F,0x0000,0x0000,0xFEE0,0xFEE0,0xFEE0,0xFEE0,0xFEE0,0xFEE0,0xFEE0,0xFEE0,0x0000,0x0000,0xF81F,0xF81F,0xF81F,0xF81F,0xF81F,0xF81F,
  0xF81F,0xF81F,0xF81F,0xF81F,0x0000,0x0000,0xFF00,0xFF40,0xFFAE,0xFFAE,0xFF00,0xFEE0,0xFF00,0xFF00,0xFEE0,0xFEE0,0xFF40,0xFF00,0x0000,0x0000,0xF81F,0xF81F,0xF81F,0xF81F,
  0xF81F,0xF81F,0xF81F,0x0000,0x0000,0xFF00,0xFF00,0xFFAE,0xFFAE,0xFF00,0xFEE0,0xFF00,0xFF00,0xFF00,0xFF00,0xFF00,0xFEE0,0xFF00,0xFEE0,0x0000,0x0000,0xF81F,0xF81F,0xF81F,
  0xF81F,0xF81F,0x0000,0x0000,0xFF00,0xFEE0,0xFEE0,0xFF40,0xFF40,0xFEE0,0xFF00,0xFF00,0xFF00,0xFF00,0xFEE0,0xFF00,0xFF00,0xFF00,0xFF00,0xFEE0,0x0000,0x0000,0xF81F,0xF81F,
  0xF81F,0xF81F,0x0000,0xFF40,0xFEE0,0xFF00,0xFEE0,0xFEE0,0xFF00,0xFEE0,0xFEE0,0xFF00,0xFEE0,0xFEE0,0xFEE0,0xFEE0,0xFEE0,0xFEE0,0xFF00,0xFEE0,0xFF00,0x0000,0xF81F,0xF81F,
  0xF81F,0x0000,0x0000,0xFEE0,0xFEE0,0xFF00,0xFEE0,0x0000,0x0000,0x0000,0xFEE0,0xFEE0,0xFF00,0xFEE0,0x0000,0x0000,0xFF40,0xFEE0,0xFF00,0xFEE0,0xFEE0,0x0000,0x0000,0xF81F,
  0xF81F,0x0000,0xFCE0,0xFEE0,0xFEE0,0xFF00,0xFEE0,0x0000,0x0000,0x0000,0xFF00,0xFF00,0xFF00,0xFEE0,0x0000,0x0000,0xFF40,0xFF00,0xFF00,0xFEE0,0xFEE0,0xFCE0,0x0000,0xF81F,
  0x0000,0x0000,0xFCE0,0xFEE0,0xFF00,0xFF00,0xFEE0,0x0000,0x0000,0x0000,0xFF00,0xFF00,0xFEE0,0xFEE0,0x0000,0x0000,0xFF40,0xFF00,0xFEE0,0xFEE0,0xFEE0,0xFCE0,0x0000,0x0000,
  0x0000,0x0000,0xFCE0,0xFEE0,0xFF00,0xFEE0,0xFEE0,0x0000,0x0000,0x0000,0xFF00,0xFF00,0xFEE0,0xFF00,0x0000,0x0000,0xFF40,0xFEE0,0xFF00,0xFF00,0xFEE0,0xFCE0,0x0000,0x0000,
  0x0000,0x0000,0xFCE0,0xFF00,0xFF00,0xFEE0,0xFEE0,0xFEE0,0xFEE0,0xFEE0,0xFEE0,0xFEE0,0xFEE0,0xFEE0,0xFEE0,0xFEE0,0xFEE0,0xFEE0,0xFEE0,0xFF00,0xFEE0,0xFCE0,0x0000,0x0000,
  0x0000,0x0000,0xFCE0,0xFEE0,0xFF00,0x0000,0xFF40,0xFEE0,0xFEE0,0xFEE0,0xFEE0,0xFEE0,0xFEE0,0xFEE0,0xFEE0,0xFF00,0xFEE0,0x0000,0x0000,0xFF00,0xFF00,0xFCE0,0x0000,0x0000,
  0x0000,0x0000,0xFCE0,0xFCE0,0xFF00,0x0000,0xFF40,0xFEE0,0xFEE0,0xFEE0,0xFF00,0xFEE0,0xFEE0,0xFEE0,0xFEE0,0xFEE0,0xFF00,0x0000,0x0000,0xFEE0,0xFCE0,0xFCE0,0x0000,0x0000,
  0x0000,0x0000,0xFCE0,0xFCE0,0xFEE0,0xFEE0,0x0000,0x0000,0xFF00,0xFEE0,0xFEE0,0xFEE0,0xFEE0,0xFF00,0xFEE0,0xFEE0,0x0000,0x0000,0xFF00,0xFF00,0xFCE0,0xFCE0,0x0000,0x0000,
  0x0000,0x0000,0x0000,0xFCE0,0xFF00,0xFF00,0xFF40,0x0000,0x0000,0xFEE0,0xFEE0,0xFEE0,0xFEE0,0xFEE0,0xFEE0,0x0000,0x0000,0xFF40,0xFEE0,0xFF00,0xFCE0,0x0000,0x0000,0x0000,
  0xF81F,0x0000,0x0000,0xFCE0,0xFCE0,0xFF00,0xFEE0,0xFEE0,0x0000,0x0000,0x0000,0x0000,0x0000,0x0000,0x0000,0x0000,0xFF00,0xFEE0,0xFEE0,0xFCE0,0xFCE0,0x0000,0x0000,0xF81F,
  0xF81F,0xF81F,0x0000,0x0000,0xFCE0,0xFCE0,0xFEE0,0xFEE0,0xFEE0,0x0000,0x0000,0x0000,0x0000,0x0000,0x0000,0xFEE0,0xFEE0,0xFF00,0xFCE0,0xFCE0,0x0000,0x0000,0xF81F,0xF81F,
  0xF81F,0xF81F,0x0000,0x0000,0xFCE0,0xFCE0,0xFCE0,0xE440,0xFEE0,0xFEE0,0xFEE0,0xFF00,0xFF00,0xFEE0,0xFEE0,0xFEE0,0xFEE0,0xFCE0,0xFCE0,0xFCE0,0x0000,0x0000,0xF81F,0xF81F,
  0xF81F,0xF81F,0xF81F,0x0000,0x0000,0xFCE0,0xFCE0,0xFCE0,0xFCE0,0xFEE0,0xFEE0,0xFEE0,0xFF00,0xFEE0,0xFEE0,0xFCE0,0xFCE0,0xFCE0,0xFCE0,0x0000,0x0000,0xF81F,0xF81F,0xF81F,
  0xF81F,0xF81F,0xF81F,0xF81F,0x0000,0x0000,0xFCE0,0xFCE0,0xFCE0,0xFCE0,0xFCE0,0xFCE0,0xFCE0,0xFCE0,0xFCE0,0xFCE0,0xFCE0,0xFCE0,0x0000,0x0000,0xF81F,0xF81F,0xF81F,0xF81F,
  0xF81F,0xF81F,0xF81F,0xF81F,0xF81F,0xF81F,0x0000,0x0000,0x0000,0x0000,0x0000,0x0000,0x0000,0x0000,0x0000,0x0000,0x0000,0x0000,0xF81F,0xF81F,0xF81F,0xF81F,0xF81F,0xF81F,
  0xF81F,0xF81F,0xF81F,0xF81F,0xF81F,0xF81F,0xF81F,0xF81F,0x0000,0x0000,0x0000,0x0000,0x0000,0x0000,0x0000,0x0000,0xF81F,0xF81F,0xF81F,0xF81F,0xF81F,0xF81F,0xF81F,0xF81F,
  0xF81F,0xF81F,0xF81F,0xF81F,0xF81F,0xF81F,0xF81F,0xF81F,0xF81F,0xF81F,0xF81F,0xF81F,0xF81F,0xF81F,0xF81F,0xF81F,0xF81F,0xF81F,0xF81F,0xF81F,0xF81F,0xF81F,0xF81F,0xF81F,
};

const uint16_t ICON_MOON[24*24] = {
  0xF81F,0xF81F,0xF81F,0xF81F,0xF81F,0xF81F,0xF81F,0xF81F,0x0004,0x0004,0x0004,0x0004,0x0004,0x0004,0x0004,0xF81F,0xF81F,0xF81F,0xF81F,0xF81F,0xF81F,0xF81F,0xF81F,0xF81F,
  0xF81F,0xF81F,0xF81F,0xF81F,0xF81F,0xF81F,0x0004,0x0004,0x0004,0xFBC0,0xF440,0xFF60,0xFBA0,0xFBA0,0x0004,0x0004,0xF81F,0xF81F,0xF81F,0xF81F,0xF81F,0xF81F,0xF81F,0xF81F,
  0xF81F,0xF81F,0xF81F,0xF81F,0x0004,0x0004,0xFBC0,0xFF80,0xFF80,0xFF80,0xFBC0,0x1844,0x0004,0x0004,0xF81F,0xF81F,0xF81F,0xF81F,0xF81F,0xF81F,0xF81F,0xF81F,0xF81F,0xF81F,
  0xF81F,0xF81F,0xF81F,0x0004,0x0004,0xF360,0xFF80,0xFFFD,0xFF80,0xFBC0,0xF360,0x0004,0xF81F,0xF81F,0xF81F,0xF81F,0xF81F,0xF81F,0xF81F,0xF81F,0xF81F,0xF81F,0xF81F,0xF81F,
  0xF81F,0xF81F,0xF81F,0x0004,0x0004,0xFF80,0xFFFD,0xFF80,0xFF60,0xFBC0,0x0004,0xF81F,0xF81F,0xF81F,0xF81F,0xF81F,0xF81F,0xF81F,0xF81F,0xF81F,0xF81F,0xF81F,0xF81F,0xF81F,
  0xF81F,0xF81F,0x0004,0xF360,0xFF80,0xFFFD,0xFF80,0xFF80,0xFBC0,0x0004,0x0004,0xF81F,0xF81F,0xF81F,0xF81F,0xF81F,0xF81F,0xF81F,0xF81F,0xF81F,0xF81F,0xF81F,0xF81F,0xF81F,
  0xF81F,0x0004,0xFEE0,0xFF80,0xFFFD,0xFFFD,0xFF80,0xFBA0,0x0004,0x0004,0xF81F,0xF81F,0xF81F,0xF81F,0xF81F,0xF81F,0xF81F,0xF81F,0xF81F,0xF81F,0xF81F,0xF81F,0xF81F,0xF81F,
  0xF81F,0x0004,0xFBC0,0xFF80,0xFF80,0xFF80,0xFBC0,0xFBA0,0x0004,0x0004,0xF81F,0xF81F,0xF81F,0xF81F,0xF81F,0xF81F,0xF81F,0xF81F,0xF81F,0xF81F,0xF81F,0xF81F,0xF81F,0xF81F,
  0x0004,0xFEE0,0xFF80,0xFFFD,0xFF80,0xFF80,0xFBC0,0xFBA0,0x0004,0xF81F,0xF81F,0xF81F,0xF81F,0xF81F,0xF81F,0xF81F,0xF81F,0xF81F,0xF81F,0xF81F,0xF81F,0xF81F,0xF81F,0xF81F,
  0x0004,0xFF60,0xFF60,0xFF80,0xFF80,0xFF80,0xFBC0,0xFBA0,0x0004,0xF81F,0xF81F,0xF81F,0xF81F,0xF81F,0xF81F,0xF81F,0xF81F,0xF81F,0xF81F,0xF81F,0xF81F,0xF81F,0xF81F,0xF81F,
  0x0004,0xFF60,0xFF60,0xFF80,0xFF80,0xFF80,0xFBC0,0xFBA0,0x0004,0xF81F,0xF81F,0xF81F,0xF81F,0xF81F,0xF81F,0xF81F,0xF81F,0xF81F,0xF81F,0xF81F,0xF81F,0xF81F,0xF81F,0xF81F,
  0x0004,0xFBC0,0xFF60,0xFF80,0xFF80,0xFF80,0xFF40,0xFBA0,0x0004,0x0004,0xF81F,0xF81F,0xF81F,0xF81F,0xF81F,0xF81F,0xF81F,0xF81F,0xF81F,0xF81F,0xF81F,0xF81F,0xF81F,0xF81F,
  0x0004,0xFBC0,0xFF80,0xFF80,0xFF80,0xFF80,0xFF80,0xFBC0,0xFBA0,0x0004,0xF81F,0xF81F,0xF81F,0xF81F,0xF81F,0xF81F,0xF81F,0xF81F,0xF81F,0xF81F,0xF81F,0xF81F,0xF81F,0xF81F,
  0x0004,0xFBA0,0xFBC0,0xFF80,0xFF80,0xFF80,0xFF60,0xFF40,0xFBA0,0x0004,0x0004,0xF81F,0xF81F,0xF81F,0xF81F,0xF81F,0xF81F,0xF81F,0xF81F,0xF81F,0xF81F,0xF81F,0xF81F,0xF81F,
  0x0004,0x0004,0xFBC0,0xFF60,0xFF60,0xFF60,0xFF60,0xFF60,0xFBC0,0xFBC0,0x0004,0x0004,0xF81F,0xF81F,0xF81F,0xF81F,0xF81F,0xF81F,0xF81F,0xF81F,0xF81F,0xF81F,0x0004,0x0004,
  0x0004,0x0004,0xFBA0,0xFEE0,0xFF60,0xFF60,0xFF60,0xFF60,0xFF60,0xFBC0,0xF360,0x0004,0x0004,0xF81F,0xF81F,0xF81F,0xF81F,0xF81F,0xF81F,0xF81F,0xF81F,0x0004,0x0004,0x0004,
  0xF81F,0x0004,0x0004,0xFBA0,0xFBC0,0xFF40,0xFF60,0xFF60,0xFF40,0xFF60,0xFBC0,0x0004,0x0004,0x0004,0x0004,0xF81F,0xF81F,0xF81F,0x0004,0x0004,0x0004,0xFBC0,0xFBA0,0x0004,
  0xF81F,0xF81F,0x0004,0xF360,0xFBA0,0xFEE0,0xFF40,0xFF40,0xFF40,0xFF40,0xFF40,0xFEE0,0xF440,0xF360,0x0004,0x0004,0x0004,0x0004,0xF360,0xF440,0xFF80,0x1844,0x0004,0xF81F,
  0xF81F,0xF81F,0x0004,0xF360,0xFBA0,0xFBC0,0xFF40,0xFF40,0xFF40,0xFF40,0xFF40,0xFF40,0xFF40,0xFEE0,0xFEE0,0xFF40,0xFEE0,0xFEE0,0xFF40,0xFEE0,0xFEE0,0x0004,0x0004,0xF81F,
  0xF81F,0xF81F,0xF81F,0x0004,0x0004,0x1844,0xFBA0,0xFBC0,0xFBC0,0xFBC0,0xFF40,0xFF40,0xFEE0,0xFF40,0xFEE0,0xFF40,0xF440,0xFBC0,0xFBC0,0xFEE0,0x0004,0x0004,0xF81F,0xF81F,
  0xF81F,0xF81F,0xF81F,0x0004,0x0004,0x0004,0x0004,0xFBA0,0xFBA0,0xFBA0,0xFBC0,0xFBC0,0xFBA0,0xFBA0,0xFBA0,0xFBA0,0xFBA0,0xFBA0,0xFBA0,0x0004,0x0004,0x0004,0xF81F,0xF81F,
  0xF81F,0xF81F,0xF81F,0xF81F,0x0004,0x0004,0x0004,0x0004,0x0004,0xFBA0,0xFBA0,0xFBA0,0xFBA0,0xFBA0,0xFBA0,0xFBA0,0xFBA0,0x0004,0x0004,0x0004,0x0004,0xF81F,0xF81F,0xF81F,
  0xF81F,0xF81F,0xF81F,0xF81F,0xF81F,0x0004,0x0004,0x0004,0x0004,0x0004,0xFBC0,0xFBA0,0xFBA0,0xFBC0,0xF360,0x0004,0x0004,0x0004,0x0004,0x0004,0xF81F,0xF81F,0xF81F,0xF81F,
  0xF81F,0xF81F,0xF81F,0xF81F,0xF81F,0xF81F,0xF81F,0xF81F,0xF81F,0x0004,0x0004,0x0004,0x0004,0x0004,0x0004,0x0004,0xF81F,0xF81F,0xF81F,0xF81F,0xF81F,0xF81F,0xF81F,0xF81F,
};

const uint16_t ICON_COIN[24*24] = {
  0xF81F,0xF81F,0xF81F,0xF81F,0xF81F,0xF81F,0xF81F,0xF81F,0xF81F,0x0000,0x0000,0x0000,0x0000,0x0000,0x0000,0xF81F,0xF81F,0xF81F,0xF81F,0xF81F,0xF81F,0xF81F,0xF81F,0xF81F,
  0xF81F,0xF81F,0xF81F,0xF81F,0xF81F,0xF81F,0x0000,0xFFF9,0xFFF9,0xFFF9,0xFF20,0xFF20,0xFF20,0xFF20,0xFEE0,0xFEE0,0x9981,0x0000,0xF81F,0xF81F,0xF81F,0xF81F,0xF81F,0xF81F,
  0xF81F,0xF81F,0xF81F,0xF81F,0x0000,0x0000,0xFFF9,0xFFF9,0xFEE0,0xFC80,0x80C0,0x80C0,0x80C0,0x80C0,0xFEE0,0xFF69,0xFEE0,0xFC80,0x0000,0x0000,0xF81F,0xF81F,0xF81F,0xF81F,
  0xF81F,0xF81F,0xF81F,0x0000,0xFF20,0xFFF9,0xFF69,0xFF20,0x9981,0x9981,0xFC80,0xFC80,0xFC80,0xFC80,0xBAC0,0xBAC0,0xFF69,0xFEE0,0xFD80,0xBAC0,0xF81F,0xF81F,0xF81F,0xF81F,
  0xF81F,0xF81F,0x0000,0xFFF9,0xFFF9,0xFF69,0x9981,0xBAC0,0xFC80,0xFC80,0xFC80,0xF360,0xFC80,0xFC80,0xFC80,0xFC80,0x80C0,0xBAC0,0xFEE0,0xFEE0,0x30C1,0x0000,0xF81F,0xF81F,
  0xF81F,0x0000,0x1800,0xFFF9,0xFF69,0xFD80,0x80C0,0xFD80,0xFC80,0xFC80,0xBAC0,0x0000,0x0000,0xBAC0,0xFC80,0xFC80,0xFC80,0xBAC0,0xBAC0,0xFD80,0xFC80,0x0000,0x0000,0xF81F,
  0xF81F,0x0000,0xFFF9,0xFF69,0xFEE0,0x9981,0xFFF9,0xFFF9,0xFFF9,0xFC80,0xFD80,0xFFF9,0xFF20,0x0000,0xFC80,0xFC80,0xFC80,0xFC80,0xBAC0,0xBAC0,0xFD80,0xBAC0,0x0000,0xF81F,
  0xF81F,0x30C1,0xFFF9,0xBAC0,0x80C0,0xFC80,0xFEE0,0xFEE0,0xFC80,0xFC80,0xFFF9,0xFFF9,0xFEE0,0xBAC0,0xBAC0,0xFC80,0xFC80,0xFC80,0xFC80,0x80C0,0xFEE0,0xF360,0x30C1,0xF81F,
  0x0000,0xFF69,0xFF69,0x80C0,0xFC80,0xFC00,0x0000,0x0000,0x9981,0x30C1,0xFFF9,0xFEE0,0xFEE0,0xFC80,0x30C1,0x30C1,0x0000,0x0000,0xFC80,0xFC80,0xFEE0,0xFD80,0xBAC0,0x0000,
  0x0000,0xFEE0,0xFEE0,0x30C1,0xFC80,0x0000,0xFEE0,0xFFF9,0xFFF9,0xFFF9,0xFFF9,0xFEE0,0xFEE0,0xFEE0,0xFEE0,0xFEE0,0xFEE0,0xFEE0,0x0000,0xFC80,0xFEE0,0xFF20,0xF360,0x0000,
  0x0000,0xFEE0,0xFEE0,0x80C0,0xFC80,0x9981,0x80C0,0xFD80,0xFFF9,0xFFF9,0xFEE0,0xFEE0,0xFEE0,0xFEE0,0xFF20,0xFF20,0xFC00,0x80C0,0x80C0,0xFC80,0x80C0,0xFF20,0xF360,0x0000,
  0x0000,0xFEE0,0xFEE0,0x80C0,0xFC80,0xFC00,0x0000,0xFC80,0xFF20,0xFEE0,0xFEE0,0xFEE0,0xFEE0,0xFEE0,0xFC00,0xF360,0x80C0,0x0000,0xBAC0,0xFC00,0x80C0,0xFF20,0xF360,0x0000,
  0x0000,0xFEE0,0xFEE0,0x80C0,0xFC80,0xFC80,0xFC00,0x0000,0xFF20,0xFFF9,0xFEE0,0xFEE0,0xFC00,0xFC00,0xF360,0xBAC0,0x0000,0xBAC0,0xFC00,0xFC00,0x80C0,0xFF20,0xBAC0,0x0000,
  0x0000,0xF360,0xFEE0,0x30C1,0xFC80,0xFC80,0xFC00,0x0000,0xFFF9,0xFFF9,0xFEE0,0xF360,0xF360,0xF360,0xF360,0xF360,0x0000,0xF360,0xFC00,0xFC00,0xFEE0,0xFD80,0x9981,0x0000,
  0x0000,0xBAC0,0xFEE0,0x1800,0xFC00,0xFC00,0xFC00,0x0000,0xFFF9,0xFEE0,0xF360,0xBAC0,0xF360,0xF360,0xF360,0xF360,0x0000,0xF360,0xF360,0xFC00,0xFEE0,0xFC00,0x30C1,0x0000,
  0x0000,0x0000,0xFD80,0xFEE0,0x80C0,0xFC80,0xFC00,0x0000,0xFEE0,0x80C0,0x0000,0x0000,0x0000,0x0000,0x9981,0xF360,0x0000,0xFC00,0xFC00,0x80C0,0xFEE0,0x80C0,0x1800,0x0000,
  0xF81F,0x0000,0xBAC0,0xFF20,0xFEE0,0x80C0,0xFC00,0xFEE0,0x0000,0x0000,0x80C0,0xFC00,0xBAC0,0x80C0,0x0000,0x0000,0x80C0,0xFC00,0xFD80,0xFF20,0xBAC0,0x0001,0x0000,0xF81F,
  0xF81F,0x0000,0x30C1,0xFC80,0xFEE0,0xFEE0,0xFC80,0x80C0,0xBAC0,0xF360,0xFC00,0xFC00,0xFC00,0xF360,0xFC00,0xBAC0,0x80C0,0xFC80,0xFF20,0xFEE0,0x80C0,0x0000,0x0000,0xF81F,
  0xF81F,0x0000,0x0000,0xBAC0,0xFC00,0xFEE0,0xFFF9,0xFC00,0xFC00,0xF360,0xFC00,0xFC00,0xF360,0xF360,0xF360,0xBAC0,0xFD80,0xFFF9,0xFEE0,0xBAC0,0x30C1,0x0000,0x0000,0xF81F,
  0xF81F,0xF81F,0xF81F,0x0000,0xBAC0,0xBAC0,0xFEE0,0xFFF9,0xFFF9,0xFFF9,0x80C0,0x80C0,0x80C0,0x80C0,0xFFF9,0xFF69,0xFD80,0xBAC0,0x30C1,0x30C1,0x0000,0xF81F,0xF81F,0xF81F,
  0xF81F,0xF81F,0xF81F,0x0000,0x0000,0xBAC0,0xFEE0,0xFC00,0xFFF9,0xFFF9,0xFFF9,0xFFF9,0xFFF9,0xFFF9,0xFF69,0xBAC0,0x30C1,0xBAC0,0x30C1,0x0000,0xF81F,0xF81F,0xF81F,0xF81F,
  0xF81F,0xF81F,0xF81F,0xF81F,0xF81F,0x0000,0x0000,0xFC80,0x80C0,0xFC00,0xFC00,0xBAC0,0xBAC0,0xBAC0,0x30C1,0x30C1,0x30C1,0x0000,0x0000,0xF81F,0xF81F,0xF81F,0xF81F,0xF81F,
  0xF81F,0xF81F,0xF81F,0xF81F,0xF81F,0xF81F,0x0000,0x0000,0x0000,0xFC00,0xF360,0xBAC0,0xBAC0,0xBAC0,0x30C1,0x0000,0x0000,0x0000,0xF81F,0xF81F,0xF81F,0xF81F,0xF81F,0xF81F,
  0xF81F,0xF81F,0xF81F,0xF81F,0xF81F,0xF81F,0xF81F,0xF81F,0xF81F,0x0000,0x0000,0x0000,0x0000,0x0000,0x0000,0xF81F,0xF81F,0xF81F,0xF81F,0xF81F,0xF81F,0xF81F,0xF81F,0xF81F,
};

const uint16_t ICON_TICK[24*24] = {
  0xF81F,0xF81F,0xF81F,0xF81F,0xF81F,0xF81F,0xF81F,0xF81F,0xF81F,0xF81F,0xF81F,0xF81F,0xF81F,0xF81F,0xF81F,0xF81F,0xF81F,0xF81F,0xF81F,0xF81F,0xF81F,0xF81F,0xF81F,0xF81F,
  0xF81F,0xF81F,0xF81F,0xF81F,0xF81F,0xF81F,0xF81F,0xF81F,0xF81F,0xF81F,0xF81F,0xF81F,0xF81F,0xF81F,0xF81F,0xF81F,0xF81F,0xF81F,0xF81F,0xF81F,0xF81F,0xF81F,0xF81F,0xF81F,
  0xF81F,0xF81F,0xF81F,0xF81F,0xF81F,0xF81F,0xF81F,0xF81F,0xF81F,0xF81F,0xF81F,0xF81F,0xF81F,0xF81F,0xF81F,0xF81F,0xF81F,0xF81F,0xF81F,0x0000,0x0000,0x0000,0xF81F,0xF81F,
  0xF81F,0xF81F,0xF81F,0xF81F,0xF81F,0xF81F,0xF81F,0xF81F,0xF81F,0xF81F,0xF81F,0xF81F,0xF81F,0xF81F,0xF81F,0xF81F,0xF81F,0xF81F,0x0000,0x0000,0x0000,0x0842,0x0000,0xF81F,
  0xF81F,0xF81F,0xF81F,0xF81F,0xF81F,0xF81F,0xF81F,0xF81F,0xF81F,0xF81F,0xF81F,0xF81F,0xF81F,0xF81F,0xF81F,0xF81F,0xF81F,0xF81F,0x0843,0xF7D3,0xF7D3,0x2C84,0x0843,0xF81F,
  0xF81F,0xF81F,0xF81F,0xF81F,0xF81F,0xF81F,0xF81F,0xF81F,0xF81F,0xF81F,0xF81F,0xF81F,0xF81F,0xF81F,0xF81F,0xF81F,0xF81F,0x0843,0xF7D3,0x7E43,0x7E63,0x7E43,0x2C84,0x0843,
  0xF81F,0xF81F,0xF81F,0xF81F,0xF81F,0xF81F,0xF81F,0xF81F,0xF81F,0xF81F,0xF81F,0xF81F,0xF81F,0xF81F,0xF81F,0xF81F,0x0843,0xF7D3,0x7E63,0x7E63,0x7E63,0x7E43,0x2C84,0x0843,
  0xF81F,0xF81F,0x0843,0x0843,0x0843,0xF81F,0xF81F,0xF81F,0xF81F,0xF81F,0xF81F,0xF81F,0xF81F,0xF81F,0xF81F,0x0843,0xF7D3,0x7E43,0x7E63,0x7E63,0x7E43,0x2C84,0x1B64,0x0843,
  0xF81F,0x0843,0x2C84,0xF7D3,0x2C84,0x0843,0xF81F,0xF81F,0xF81F,0xF81F,0xF81F,0xF81F,0xF81F,0xF81F,0x0843,0xF7D3,0x7E63,0x7E63,0x7E63,0x7E43,0x2C84,0x1B64,0x0843,0x0843,
  0x0843,0x2C84,0xF7D3,0x7E43,0x7E43,0x2C84,0x0843,0xF81F,0xF81F,0xF81F,0xF81F,0xF81F,0xF81F,0x0843,0xF7D3,0x7E43,0x7E63,0x7E43,0x7E43,0x2C84,0x1B64,0x0843,0x0843,0xF81F,
  0x0843,0x2C84,0x7643,0x7E43,0x7E63,0x7E63,0x2C84,0x0843,0xF81F,0xF81F,0xF81F,0x0843,0x0000,0xF7D3,0x7E43,0x7E43,0x7E63,0x7E63,0x2C84,0x09E4,0x0843,0x0843,0xF81F,0xF81F,
  0x0843,0x1B64,0x7E43,0x7E43,0x7E63,0x7E43,0x8EC3,0x7643,0x0022,0xF81F,0x0000,0xF7D3,0xF7D3,0x8EC3,0x7E63,0x7E63,0x8EC3,0x2C84,0x1B64,0x0843,0x0843,0xF81F,0xF81F,0xF81F,
  0x0843,0x2C84,0x8EC3,0x7E43,0x7E63,0x7E63,0x7E63,0x1B64,0x0022,0xF81F,0x0000,0xF7D3,0xF7D3,0x7E63,0x7E63,0x8EC3,0x8EC3,0x2C84,0x2C84,0x0843,0x0000,0xF81F,0xF81F,0xF81F,
  0xF81F,0x0843,0x1B64,0x7E43,0x7E43,0x7E63,0x7E63,0x7E43,0x2C84,0x0843,0xF7D3,0x2C84,0x7E43,0x7E63,0x7E63,0x1B64,0x2C84,0x1B64,0x0843,0x0843,0xF81F,0xF81F,0xF81F,0xF81F,
  0xF81F,0x0000,0x0843,0x1B64,0x7643,0x7E43,0x7E43,0x7E63,0x7E63,0xF7D3,0x7E43,0x7E63,0x7E63,0x7E63,0x2C84,0x09E4,0x1B64,0x0843,0x0843,0xF81F,0xF81F,0xF81F,0xF81F,0xF81F,
  0xF81F,0xF81F,0x0843,0x0843,0x1B64,0x09E4,0x7E43,0x7E63,0x7E63,0x7E43,0x7E63,0x7E63,0x7E63,0x2C84,0x09E4,0x0022,0x0843,0x0843,0xF81F,0xF81F,0xF81F,0xF81F,0xF81F,0xF81F,
  0xF81F,0xF81F,0xF81F,0x0843,0x0843,0x0022,0x1B64,0x7E63,0x7E63,0x7E63,0x7E63,0x7E63,0x2C84,0x1B64,0x0843,0x0843,0x0000,0xF81F,0xF81F,0xF81F,0xF81F,0xF81F,0xF81F,0xF81F,
  0xF81F,0xF81F,0xF81F,0xF81F,0x0843,0x0843,0x0843,0x1B64,0x7E63,0x7E43,0x7E63,0x2C84,0x1B64,0x0843,0x0843,0xF81F,0xF81F,0xF81F,0xF81F,0xF81F,0xF81F,0xF81F,0xF81F,0xF81F,
  0xF81F,0xF81F,0xF81F,0xF81F,0xF81F,0xF81F,0x0843,0x0843,0x1B64,0x2C84,0x1B64,0x1B64,0x0843,0x0843,0xF81F,0xF81F,0xF81F,0xF81F,0xF81F,0xF81F,0xF81F,0xF81F,0xF81F,0xF81F,
  0xF81F,0xF81F,0xF81F,0xF81F,0xF81F,0xF81F,0xF81F,0x0843,0x0843,0x09E4,0x09E4,0x0843,0x0843,0xF81F,0xF81F,0xF81F,0xF81F,0xF81F,0xF81F,0xF81F,0xF81F,0xF81F,0xF81F,0xF81F,
  0xF81F,0xF81F,0xF81F,0xF81F,0xF81F,0xF81F,0xF81F,0xF81F,0x0843,0x0843,0x0843,0x0843,0xF81F,0xF81F,0xF81F,0xF81F,0xF81F,0xF81F,0xF81F,0xF81F,0xF81F,0xF81F,0xF81F,0xF81F,
  0xF81F,0xF81F,0xF81F,0xF81F,0xF81F,0xF81F,0xF81F,0xF81F,0x0000,0x0000,0x0000,0x0000,0xF81F,0xF81F,0xF81F,0xF81F,0xF81F,0xF81F,0xF81F,0xF81F,0xF81F,0xF81F,0xF81F,0xF81F,
  0xF81F,0xF81F,0xF81F,0xF81F,0xF81F,0xF81F,0xF81F,0xF81F,0xF81F,0xF81F,0xF81F,0xF81F,0xF81F,0xF81F,0xF81F,0xF81F,0xF81F,0xF81F,0xF81F,0xF81F,0xF81F,0xF81F,0xF81F,0xF81F,
  0xF81F,0xF81F,0xF81F,0xF81F,0xF81F,0xF81F,0xF81F,0xF81F,0xF81F,0xF81F,0xF81F,0xF81F,0xF81F,0xF81F,0xF81F,0xF81F,0xF81F,0xF81F,0xF81F,0xF81F,0xF81F,0xF81F,0xF81F,0xF81F,
};

const uint16_t ICON_CROSS[24*24] = {
  0xF81F,0xF81F,0xF81F,0x0001,0x0002,0x0001,0xF81F,0xF81F,0xF81F,0xF81F,0xF81F,0xF81F,0xF81F,0xF81F,0xF81F,0xF81F,0xF81F,0xF81F,0x0002,0x0001,0x0002,0xF81F,0xF81F,0xF81F,
  0xF81F,0xF81F,0x0002,0x0002,0xB0C3,0xFB4C,0x0002,0xF81F,0xF81F,0xF81F,0xF81F,0xF81F,0xF81F,0xF81F,0xF81F,0xF81F,0xF81F,0x0002,0xB0C3,0xFB4C,0x0001,0x0002,0xF81F,0xF81F,
  0xF81F,0x0002,0x0002,0xB0C3,0xFB4C,0xF800,0x0001,0x0002,0xF81F,0xF81F,0xF81F,0xF81F,0xF81F,0xF81F,0xF81F,0xF81F,0x0002,0x0001,0xFB4C,0xF800,0xF800,0x0001,0x0002,0xF81F,
  0x0002,0x0002,0xB0C3,0xFB4C,0xF800,0xF800,0xF800,0x0001,0x0002,0xF81F,0xF81F,0xF81F,0xF81F,0xF81F,0xF81F,0x0002,0x0002,0xB0C3,0xF800,0xF800,0xF800,0xF800,0x0002,0x0002,
  0x0002,0xB0C3,0xF800,0xF800,0xF800,0xF800,0xF800,0xF800,0x0002,0x0002,0xF81F,0xF81F,0xF81F,0xF81F,0x0002,0x0002,0xB0C3,0xFB4C,0xF800,0xF800,0xF800,0xF800,0xB0C3,0x0002,
  0x0002,0xA000,0xF800,0xF800,0xF800,0xF800,0xF800,0xF800,0xF800,0x0001,0x0002,0xF81F,0xF81F,0x0002,0x0001,0xB0C3,0xFB4C,0xF800,0xF800,0xF800,0xF800,0xF800,0xA000,0x0002,
  0x0002,0x0002,0xA000,0xF800,0xF800,0xF800,0xF800,0xF800,0xF800,0xF800,0x0001,0x0002,0x0002,0x0001,0xB0C3,0xFB4C,0xF800,0xF800,0xF800,0xF800,0xF800,0xA000,0x0002,0x0002,
  0xF81F,0x0001,0x0002,0x0001,0xA000,0xF800,0xF800,0xF800,0xF800,0xF800,0xF800,0xF800,0xFB4C,0xF800,0xF800,0xF800,0xF800,0xF800,0xF800,0xA000,0x0001,0x0002,0x0001,0xF81F,
  0xF81F,0xF81F,0xF81F,0x0002,0x0002,0xA000,0xF800,0xF800,0xF800,0xF800,0xF800,0xF800,0xF800,0xF800,0xF800,0xF800,0xF800,0xF800,0xF800,0x0001,0x0002,0xF81F,0xF81F,0xF81F,
  0xF81F,0xF81F,0xF81F,0xF81F,0x0002,0x0001,0xA000,0xF800,0xF800,0xF800,0xF800,0xF800,0xF800,0xF800,0xF800,0xF800,0xF800,0xF800,0xF800,0x0002,0x0002,0xF81F,0xF81F,0xF81F,
  0xF81F,0xF81F,0xF81F,0xF81F,0xF81F,0x0002,0x0001,0xF800,0xF800,0xF800,0xF800,0xF800,0xF800,0xF800,0xF800,0xF800,0xF800,0xA000,0x0002,0x0002,0xF81F,0xF81F,0xF81F,0xF81F,
  0xF81F,0xF81F,0xF81F,0xF81F,0xF81F,0x0002,0x0002,0xA000,0xF800,0xF800,0xF800,0xF800,0xF800,0xF800,0xF800,0xF800,0xA000,0x0002,0x0002,0xF81F,0xF81F,0xF81F,0xF81F,0xF81F,
  0xF81F,0xF81F,0xF81F,0xF81F,0xF81F,0xF81F,0x0002,0xB0C3,0xFB4C,0xF800,0xF800,0xF800,0xF800,0xF800,0xF800,0xF800,0xF800,0x0002,0xF81F,0xF81F,0xF81F,0xF81F,0xF81F,0xF81F,
  0xF81F,0xF81F,0xF81F,0xF81F,0xF81F,0x0002,0x0001,0xFB4C,0xF800,0xF800,0xF800,0xF800,0xF800,0xF800,0xF800,0xF800,0xF800,0xFB4C,0x0002,0x0001,0xF81F,0xF81F,0xF81F,0xF81F,
  0xF81F,0xF81F,0xF81F,0x0002,0x0002,0xB0C3,0xFB4C,0xF800,0xF800,0xF800,0xF800,0xF800,0xF800,0xF800,0xF800,0xF800,0xF800,0xF800,0xF800,0x0002,0x0002,0xF81F,0xF81F,0xF81F,
  0xF81F,0xF81F,0x0002,0x0002,0xB0C3,0xFB4C,0xF800,0xF800,0xF800,0xF800,0xF800,0xF800,0xA000,0xF800,0xF800,0xF800,0xF800,0xF800,0xF800,0xF800,0x0002,0x0002,0xF81F,0xF81F,
  0xF81F,0x0001,0x0002,0xB0C3,0xFB4C,0xF800,0xF800,0xF800,0xF800,0xF800,0xF800,0xA000,0x0002,0xF800,0xF800,0xF800,0xF800,0xF800,0xF800,0xF800,0xF800,0x0002,0x0002,0xF81F,
  0x0002,0x0002,0xFB4C,0xFB4C,0xF800,0xF800,0xF800,0xF800,0xF800,0xF800,0xA000,0x0002,0x0002,0xA000,0xF800,0xF800,0xF800,0xF800,0xF800,0xF800,0xF800,0xF800,0x0002,0x0002,
  0x0002,0xA000,0xF800,0xF800,0xF800,0xF800,0xF800,0xF800,0xF800,0xA000,0x0002,0x0002,0x0001,0x0002,0xA000,0xF800,0xF800,0xF800,0xF800,0xF800,0xF800,0xF800,0xB0C3,0x0002,
  0x0002,0x0001,0xA000,0xF800,0xF800,0xF800,0xF800,0xA000,0x0001,0x0002,0x0002,0xF81F,0xF81F,0x0002,0x0002,0x0001,0xA000,0xF800,0xF800,0xF800,0xF800,0xA000,0x0001,0x0002,
  0x0002,0x0002,0x0001,0xA000,0xF800,0xF800,0xA000,0x0001,0x0002,0x0002,0xF81F,0xF81F,0xF81F,0xF81F,0x0002,0x0002,0x0002,0xA000,0xF800,0xF800,0xF800,0x0001,0x0002,0x0002,
  0xF81F,0x0002,0x0002,0x0002,0xA000,0xF800,0x0001,0x0002,0x0002,0xF81F,0xF81F,0xF81F,0xF81F,0xF81F,0xF81F,0x0002,0x0002,0x0002,0xA000,0xF800,0xA000,0x0002,0x0002,0xF81F,
  0xF81F,0xF81F,0x0002,0x0002,0x0002,0x0002,0x0002,0x0002,0xF81F,0xF81F,0xF81F,0xF81F,0xF81F,0xF81F,0xF81F,0xF81F,0x0001,0x0002,0x0002,0x0002,0x0002,0x0002,0xF81F,0xF81F,
  0xF81F,0xF81F,0xF81F,0x0001,0x0001,0x0001,0x0001,0xF81F,0xF81F,0xF81F,0xF81F,0xF81F,0xF81F,0xF81F,0xF81F,0xF81F,0xF81F,0x0001,0x0001,0x0001,0x0001,0xF81F,0xF81F,0xF81F,
};

const uint16_t ICON_STAR[24*24] = {
  0xF81F,0xF81F,0xF81F,0xF81F,0xF81F,0xF81F,0xF81F,0xF81F,0xF81F,0xF81F,0xF81F,0xF81F,0xF81F,0xF81F,0xF81F,0xF81F,0xF81F,0xF81F,0xF81F,0xF81F,0xF81F,0xF81F,0xF81F,0xF81F,
  0xF81F,0xF81F,0xF81F,0xF81F,0xF81F,0xF81F,0xF81F,0xF81F,0xF81F,0xF81F,0xF81F,0x0823,0x0823,0xF81F,0xF81F,0xF81F,0xF81F,0xF81F,0xF81F,0xF81F,0xF81F,0xF81F,0xF81F,0xF81F,
  0xF81F,0xF81F,0xF81F,0xF81F,0xF81F,0xF81F,0xF81F,0xF81F,0xF81F,0xF81F,0x0823,0xFE60,0xF3C0,0x0823,0xF81F,0xF81F,0xF81F,0xF81F,0xF81F,0xF81F,0xF81F,0xF81F,0xF81F,0xF81F,
  0xF81F,0xF81F,0xF81F,0xF81F,0xF81F,0xF81F,0xF81F,0xF81F,0xF81F,0xF81F,0x0823,0xFE60,0xFF20,0x0823,0xF81F,0xF81F,0xF81F,0xF81F,0xF81F,0xF81F,0xF81F,0xF81F,0xF81F,0xF81F,
  0xF81F,0xF81F,0xF81F,0xF81F,0xF81F,0xF81F,0xF81F,0xF81F,0xF81F,0xF81F,0x0823,0xFE60,0xFF00,0x0823,0xF81F,0xF81F,0xF81F,0xF81F,0xF81F,0xF81F,0xF81F,0xF81F,0xF81F,0xF81F,
  0xF81F,0xF81F,0xF81F,0xF81F,0xF81F,0xF81F,0xF81F,0xF81F,0xF81F,0x0823,0xFE60,0xFFD7,0xFF00,0xF3C0,0x0823,0xF81F,0xF81F,0xF81F,0xF81F,0xF81F,0xF81F,0xF81F,0xF81F,0xF81F,
  0xF81F,0xF81F,0xF81F,0xF81F,0xF81F,0xF81F,0xF81F,0xF81F,0xF81F,0x0823,0xFFD7,0xFFD7,0xFF00,0xF3C0,0x0823,0xF81F,0xF81F,0xF81F,0xF81F,0xF81F,0xF81F,0xF81F,0xF81F,0xF81F,
  0xF81F,0xF81F,0xF81F,0xF81F,0xF81F,0xF81F,0xF81F,0xF81F,0x0823,0xFF00,0xFFD7,0xFF00,0xFF00,0xFF00,0xF3C0,0x0823,0xF81F,0xF81F,0xF81F,0xF81F,0xF81F,0xF81F,0xF81F,0xF81F,
  0xF81F,0x0823,0x0823,0x0823,0x0823,0x0823,0x0823,0x0823,0x0823,0xFF00,0xFF00,0xFF00,0xFF00,0xFF00,0xF3C0,0x0823,0x0823,0x0823,0x0823,0x0823,0x0823,0x0823,0x0823,0xF81F,
  0x0823,0x0823,0xFE60,0xFE60,0xFFD7,0xFF00,0xFFD7,0xFFD7,0xFF00,0xFF00,0xFF00,0xFF00,0xFF00,0xFF00,0xFF00,0xFF00,0xFF00,0xFF00,0xFF00,0xFF00,0xFF00,0xFF00,0x0823,0x0823,
  0x0823,0x0823,0xE2A0,0xE2A0,0xFF00,0xFF00,0xFFD7,0xFFD7,0xFF00,0xFF00,0xFF00,0xFF00,0xFF00,0xFF00,0xFF00,0xFF00,0xFF00,0xFF00,0xFF00,0xFF00,0xFF00,0xE2A0,0x0823,0x0823,
  0xF81F,0x0823,0x0823,0x0802,0xE2A0,0xFF00,0xFF00,0xFF00,0xFF00,0xFF00,0xFF00,0xFF00,0xFF00,0xFF00,0xFF00,0xFF00,0xFF00,0xFF00,0xFF00,0xE2A0,0xE2A0,0x0823,0x0823,0xF81F,
  0xF81F,0xF81F,0x0823,0x0823,0x0823,0xE2A0,0xFF00,0xFF00,0xFF00,0xFF00,0xFF00,0xFF00,0xFF00,0xFF00,0xFF00,0xFF00,0xFF00,0xFF00,0xE2A0,0x0823,0x0823,0x0823,0xF81F,0xF81F,
  0xF81F,0xF81F,0xF81F,0xF81F,0x0823,0x0823,0xE2A0,0xFF20,0xFF00,0xFF00,0xFF00,0xFF00,0xFF00,0xFF00,0xFF00,0xFF00,0xF3C0,0xE2A0,0x0823,0x0823,0xF81F,0xF81F,0xF81F,0xF81F,
  0xF81F,0xF81F,0xF81F,0xF81F,0x0802,0x0823,0xE2A0,0xFF20,0xFF00,0xFF00,0xFF00,0xFF00,0xFF00,0xFF00,0xFF00,0xFF00,0xF3C0,0xE2A0,0x0823,0x0802,0xF81F,0xF81F,0xF81F,0xF81F,
  0xF81F,0xF81F,0xF81F,0xF81F,0xF81F,0x0823,0xFF00,0xFF00,0xFF00,0xFF00,0xFF00,0xFF00,0xFF00,0xFF00,0xFF00,0xFF00,0xFE60,0xF3C0,0x0823,0xF81F,0xF81F,0xF81F,0xF81F,0xF81F,
  0xF81F,0xF81F,0xF81F,0xF81F,0x0823,0xFF00,0xFF00,0xFF00,0xFF00,0xFF00,0xFF00,0xE2A0,0xE2A0,0xFF00,0xFF00,0xFF00,0xFE60,0xF3C0,0xF3C0,0x0823,0xF81F,0xF81F,0xF81F,0xF81F,
  0xF81F,0xF81F,0xF81F,0xF81F,0x0823,0xFF00,0xFFD7,0xFFD7,0xFF00,0xFF00,0xE2A0,0x0823,0x0823,0xE2A0,0xFF00,0xFF00,0xFF00,0xFF00,0xF3C0,0x0823,0xF81F,0xF81F,0xF81F,0xF81F,
  0xF81F,0xF81F,0xF81F,0x0823,0xFE60,0xFF00,0xFF00,0xFF00,0xE2A0,0xE2A0,0x0823,0x0823,0x0823,0x0823,0xE2A0,0xE2A0,0xFF20,0xFF00,0xFF00,0xF3C0,0x0823,0xF81F,0xF81F,0xF81F,
  0xF81F,0xF81F,0xF81F,0x0823,0xFE60,0xF3C0,0xE2A0,0xE2A0,0x0823,0x0823,0x0823,0xF81F,0xF81F,0x0823,0x0823,0x0823,0xF3C0,0xE2A0,0xE2A0,0xF3C0,0x0823,0xF81F,0xF81F,0xF81F,
  0xF81F,0xF81F,0xF81F,0x0823,0xE2A0,0xE2A0,0x0823,0x0823,0x0823,0xF81F,0xF81F,0xF81F,0xF81F,0xF81F,0xF81F,0x0823,0x0823,0x0823,0xE2A0,0xE2A0,0x0823,0xF81F,0xF81F,0xF81F,
  0xF81F,0xF81F,0xF81F,0x0823,0xFE60,0xFE60,0x0823,0x0802,0x0802,0xF81F,0xF81F,0xF81F,0xF81F,0xF81F,0xF81F,0x0802,0x0802,0x0823,0xFE60,0xFE60,0x0823,0xF81F,0xF81F,0xF81F,
  0xF81F,0xF81F,0xF81F,0xF81F,0x0823,0x0823,0x0823,0x0802,0xF81F,0xF81F,0xF81F,0xF81F,0xF81F,0xF81F,0xF81F,0xF81F,0xF81F,0x0823,0x0823,0x0823,0xF81F,0xF81F,0xF81F,0xF81F,
  0xF81F,0xF81F,0xF81F,0xF81F,0xF81F,0xF81F,0xF81F,0xF81F,0xF81F,0xF81F,0xF81F,0xF81F,0xF81F,0xF81F,0xF81F,0xF81F,0xF81F,0xF81F,0xF81F,0xF81F,0xF81F,0xF81F,0xF81F,0xF81F,
};

const uint16_t ICON_HEART[24*24] = {
  0xF81F,0xF81F,0xF81F,0xF81F,0xF81F,0xF81F,0xF81F,0xF81F,0xF81F,0xF81F,0xF81F,0xF81F,0xF81F,0xF81F,0xF81F,0xF81F,0xF81F,0xF81F,0xF81F,0xF81F,0xF81F,0xF81F,0xF81F,0xF81F,
  0xF81F,0xF81F,0xF81F,0xF81F,0xF81F,0xF81F,0xF81F,0xF81F,0xF81F,0xF81F,0xF81F,0xF81F,0xF81F,0xF81F,0xF81F,0xF81F,0xF81F,0xF81F,0xF81F,0xF81F,0xF81F,0xF81F,0xF81F,0xF81F,
  0xF81F,0xF81F,0xF81F,0xF81F,0x0000,0x0000,0x0000,0x0000,0x0000,0xF81F,0xF81F,0xF81F,0xF81F,0xF81F,0xF81F,0x0000,0x0000,0x0000,0x0000,0x0000,0xF81F,0xF81F,0xF81F,0xF81F,
  0xF81F,0xF81F,0x0000,0x0000,0xF861,0xF861,0xF842,0xF861,0xF861,0x0000,0xF81F,0xF81F,0xF81F,0xF81F,0x0000,0xF861,0xF862,0xF861,0xF861,0xA801,0x0000,0x0000,0xF81F,0xF81F,
  0xF81F,0x0000,0xF862,0xF842,0xF81F,0xF81F,0xF861,0xF861,0xF862,0xA801,0x0000,0x0000,0xF81F,0x0000,0xF861,0xF842,0xF842,0xF861,0xF861,0xF842,0xA801,0xA001,0x0000,0xF81F,
  0x0000,0xF861,0xF861,0xF81F,0xF81F,0xF81F,0xF861,0xF861,0xF861,0xF861,0xA801,0x0000,0x0000,0xA801,0xF861,0xF861,0xF862,0xF861,0xF861,0xF842,0xF861,0xA801,0xA801,0x0000,
  0x0000,0xF861,0xF81F,0xF81F,0xF861,0xF861,0xF81F,0xF81F,0xF861,0xF861,0xF861,0x0000,0x0000,0xF862,0xF861,0xF861,0xF842,0xF842,0xF861,0xF861,0xF861,0xA801,0xA001,0x0000,
  0x0000,0xF861,0xF81F,0xF81F,0xF861,0xF81F,0xF81F,0xF81F,0xF861,0xF842,0xF861,0xF861,0xF862,0xF861,0xF861,0xF861,0xF862,0xF861,0xF861,0xF861,0xF842,0xA801,0xA001,0x0000,
  0x0000,0xF861,0xF862,0xF861,0xF861,0xF81F,0xF81F,0xF842,0xF842,0xF862,0xF861,0xF842,0xF861,0xF842,0xF861,0xF861,0xF861,0xF861,0xF861,0xF861,0xA801,0xA001,0x5800,0x0000,
  0x0000,0xA801,0xF862,0xF861,0xF861,0xF861,0xF861,0xF861,0xF861,0xF861,0xF862,0xF862,0xF861,0xF861,0xF861,0xF861,0xF861,0xF862,0xF862,0xF861,0xA801,0xA001,0x5800,0x0000,
  0x0000,0xA801,0xF861,0xF861,0xF861,0xF861,0xF861,0xF861,0xF861,0xF861,0xF861,0xF861,0xF861,0xF862,0xF862,0xF842,0xF861,0xF842,0xF842,0xA801,0xA001,0x5800,0x5800,0x0000,
  0x0000,0xA801,0xA801,0xF842,0xF861,0xF862,0xF862,0xF862,0xF861,0xF861,0xF861,0xF842,0xF861,0xF862,0xF862,0xF861,0xF861,0xF842,0xA801,0xA001,0xA001,0x5800,0x5800,0x0000,
  0xF81F,0x0000,0xA801,0xA801,0xF861,0xF861,0xF862,0xF861,0xF861,0xF861,0xF861,0xF861,0xF861,0xF861,0xF861,0xF861,0xF861,0xA801,0xA801,0xA001,0x5800,0x5800,0x0000,0xF81F,
  0xF81F,0xF81F,0x0000,0xA801,0xA801,0xF842,0xF842,0xF861,0xF861,0xF842,0xF861,0xF862,0xF842,0xF862,0xF842,0xA801,0xA801,0xA801,0xA001,0x5800,0x5800,0x0000,0xF81F,0xF81F,
  0xF81F,0xF81F,0xF81F,0x0000,0xA801,0xA801,0xA801,0xF861,0xF861,0xF861,0xF861,0xF861,0xF842,0xF862,0xA801,0xA801,0xA801,0xA001,0x5800,0x5800,0x0000,0xF81F,0xF81F,0xF81F,
  0xF81F,0xF81F,0xF81F,0xF81F,0x0000,0xC002,0xA801,0xA801,0xF861,0xF842,0xF861,0xF861,0xF861,0xA801,0xA801,0xA001,0xA801,0x5800,0x5800,0x0000,0xF81F,0xF81F,0xF81F,0xF81F,
  0xF81F,0xF81F,0xF81F,0xF81F,0xF81F,0x0000,0x0000,0xA801,0xA801,0xF861,0xF861,0xF842,0xA801,0xA801,0xA001,0x5800,0x5800,0x0000,0x0000,0xF81F,0xF81F,0xF81F,0xF81F,0xF81F,
  0xF81F,0xF81F,0xF81F,0xF81F,0xF81F,0xF81F,0xF81F,0x0000,0xA001,0xA801,0xA801,0xA801,0xA001,0xA001,0x5800,0x5800,0x0000,0x0000,0xF81F,0xF81F,0xF81F,0xF81F,0xF81F,0xF81F,
  0xF81F,0xF81F,0xF81F,0xF81F,0xF81F,0xF81F,0xF81F,0xF81F,0x0000,0xA001,0xA001,0xA001,0xA001,0x5800,0x5800,0x0000,0xF81F,0xF81F,0xF81F,0xF81F,0xF81F,0xF81F,0xF81F,0xF81F,
  0xF81F,0xF81F,0xF81F,0xF81F,0xF81F,0xF81F,0xF81F,0xF81F,0xF81F,0x0000,0xA001,0xA001,0x5800,0x5800,0x0000,0xF81F,0xF81F,0xF81F,0xF81F,0xF81F,0xF81F,0xF81F,0xF81F,0xF81F,
  0xF81F,0xF81F,0xF81F,0xF81F,0xF81F,0xF81F,0xF81F,0xF81F,0xF81F,0xF81F,0x0000,0x0000,0x5800,0x0000,0xF81F,0xF81F,0xF81F,0xF81F,0xF81F,0xF81F,0xF81F,0xF81F,0xF81F,0xF81F,
  0xF81F,0xF81F,0xF81F,0xF81F,0xF81F,0xF81F,0xF81F,0xF81F,0xF81F,0xF81F,0xF81F,0x0000,0x0000,0xF81F,0xF81F,0xF81F,0xF81F,0xF81F,0xF81F,0xF81F,0xF81F,0xF81F,0xF81F,0xF81F,
  0xF81F,0xF81F,0xF81F,0xF81F,0xF81F,0xF81F,0xF81F,0xF81F,0xF81F,0xF81F,0xF81F,0xF81F,0xF81F,0xF81F,0xF81F,0xF81F,0xF81F,0xF81F,0xF81F,0xF81F,0xF81F,0xF81F,0xF81F,0xF81F,
  0xF81F,0xF81F,0xF81F,0xF81F,0xF81F,0xF81F,0xF81F,0xF81F,0xF81F,0xF81F,0xF81F,0xF81F,0xF81F,0xF81F,0xF81F,0xF81F,0xF81F,0xF81F,0xF81F,0xF81F,0xF81F,0xF81F,0xF81F,0xF81F,
};

const uint16_t ICON_BALL[24*24] = {
  0xF81F,0xF81F,0xF81F,0xF81F,0xF81F,0xF81F,0xF81F,0xF81F,0xF81F,0x0000,0x0000,0x0000,0x0000,0x0000,0x0000,0xF81F,0xF81F,0xF81F,0xF81F,0xF81F,0xF81F,0xF81F,0xF81F,0xF81F,
  0xF81F,0xF81F,0xF81F,0xF81F,0xF81F,0xF81F,0x0000,0x0000,0x0000,0x0000,0x3A8F,0x3A8F,0x3A8F,0x3A8F,0x0000,0x0000,0x0000,0x0000,0xF81F,0xF81F,0xF81F,0xF81F,0xF81F,0xF81F,
  0xF81F,0xF81F,0xF81F,0xF81F,0xF81F,0xF81F,0x0000,0xF81F,0x7498,0x0000,0x0000,0x42AF,0x42AF,0x0000,0x0000,0x7498,0xF81F,0x0000,0xF81F,0xF81F,0xF81F,0xF81F,0xF81F,0xF81F,
  0xF81F,0xF81F,0xF81F,0x0000,0x0000,0x9E3D,0xF81F,0xF81F,0xF81F,0x9E3D,0x0000,0x0000,0x0000,0x0000,0x9E3D,0xF81F,0xF81F,0xF81F,0x9E3D,0x0000,0x0000,0xF81F,0xF81F,0xF81F,
  0xF81F,0xF81F,0x0000,0x0000,0xF81F,0xF81F,0xF81F,0xF81F,0xF81F,0x6416,0x0000,0x0000,0x0000,0x0000,0xF81F,0xF81F,0xF81F,0xF81F,0xF81F,0xF81F,0x0000,0x0000,0xF81F,0xF81F,
  0xF81F,0xF81F,0x0000,0x7498,0xF81F,0xF81F,0xF81F,0xF81F,0xF81F,0x9E3D,0xF81F,0xF81F,0xF81F,0xF81F,0x6C98,0xF81F,0xF81F,0xF81F,0xF81F,0xF81F,0x7498,0x0000,0xF81F,0xF81F,
  0xF81F,0xF81F,0x0000,0xF81F,0xF81F,0xF81F,0xF81F,0xF81F,0xF81F,0x0000,0xF81F,0xF81F,0xF81F,0xF81F,0x0000,0xF81F,0xF81F,0xF81F,0xF81F,0xF81F,0xF81F,0x0000,0xF81F,0xF81F,
  0xF81F,0x0000,0x3A8F,0x0000,0x6C98,0xF81F,0x7498,0x7498,0x0000,0xF81F,0xF81F,0xF81F,0xF81F,0xF81F,0xF81F,0x0000,0x7498,0x7498,0xF81F,0x7498,0x0000,0xF81F,0x0000,0xF81F,
  0xF81F,0x0000,0x0000,0x3A8F,0x0000,0x0000,0x0000,0x0000,0x0000,0xF81F,0xF81F,0xF81F,0xF81F,0xF81F,0xF81F,0x42AF,0x0000,0x0000,0x0000,0x0000,0xF81F,0xF81F,0x0000,0xF81F,
  0x0000,0x0000,0x0000,0x3A8F,0x0000,0x0000,0x3A8F,0x3A8F,0x0000,0x6C98,0xF81F,0xF81F,0xF81F,0xF81F,0x6416,0x0000,0x3A8F,0x3A8F,0x0000,0x0000,0xF81F,0xF81F,0x0000,0x0000,
  0x0000,0x3A8F,0x3A8F,0x0000,0x0000,0x0000,0x0000,0x0000,0x0000,0x6416,0x6C98,0xF81F,0xF81F,0x6C98,0x3A8F,0x0000,0x0000,0x0000,0x0000,0x0000,0x0000,0xF81F,0x7498,0x0000,
  0x0000,0x3A8F,0x0000,0x0000,0x0000,0x0000,0x0000,0x0000,0x0000,0x0000,0x0000,0x0000,0x0000,0x0000,0x0000,0x0000,0x0000,0x0000,0x0000,0x0000,0x0000,0xF81F,0x7498,0x0000,
  0x0000,0x0000,0xF81F,0x0000,0x0000,0x0000,0x0000,0x0000,0x0000,0x0000,0xF81F,0xF81F,0xF81F,0xF81F,0x0000,0x0000,0x0000,0x0000,0x0000,0x0000,0x0000,0x0000,0x7498,0x0000,
  0x0000,0x0000,0xF81F,0xF81F,0x0000,0x0000,0x0000,0x0000,0x0000,0x7CFA,0xF81F,0xF81F,0xF81F,0xF81F,0x7498,0x0000,0x0000,0x0000,0x0000,0x0000,0xF81F,0xF81F,0x7498,0x0000,
  0x0000,0x0000,0xF81F,0xF81F,0xF81F,0x0000,0x0000,0x0000,0x7498,0xF81F,0xF81F,0xF81F,0xF81F,0xF81F,0xF81F,0x7498,0x0000,0x0000,0x0000,0xF81F,0xF81F,0xF81F,0x0000,0x0000,
  0x0000,0x0000,0xF81F,0xF81F,0xF81F,0xF81F,0x7498,0x0000,0x0000,0xF81F,0xF81F,0xF81F,0xF81F,0xF81F,0xF81F,0x0000,0x0000,0x7498,0xF81F,0xF81F,0xF81F,0xF81F,0x0000,0x0000,
  0xF81F,0x0000,0x6C98,0xF81F,0xF81F,0xF81F,0xF81F,0xF81F,0x7498,0x0000,0xF81F,0xF81F,0xF81F,0xF81F,0x0000,0xF81F,0xF81F,0xF81F,0xF81F,0xF81F,0xF81F,0x7CFA,0x0000,0xF81F,
  0xF81F,0xF81F,0x7498,0x7498,0xF81F,0xF81F,0xF81F,0xF81F,0x7498,0x0000,0x0000,0x0000,0x0000,0x0000,0x0000,0xF81F,0xF81F,0xF81F,0xF81F,0xF81F,0x7498,0x7CFA,0xF81F,0xF81F,
  0xF81F,0xF81F,0x0000,0x0000,0x7498,0x7498,0xF81F,0x7498,0x0000,0x0000,0x0000,0x0000,0x42AF,0x42AF,0x0000,0x0000,0x7498,0xF81F,0x7498,0x7498,0x0000,0x0000,0xF81F,0xF81F,
  0xF81F,0xF81F,0xF81F,0x0000,0x0000,0x7498,0x7498,0x0000,0x0000,0x0000,0x0000,0x0000,0x0000,0x0000,0x0000,0x0000,0x0000,0x7498,0x7498,0x0000,0x0000,0xF81F,0xF81F,0xF81F,
  0xF81F,0xF81F,0xF81F,0xF81F,0x0000,0x0000,0x0000,0xF81F,0xF81F,0x0000,0x0000,0x0000,0x0000,0x0000,0x0000,0xF81F,0xF81F,0x0000,0x0000,0x0000,0xF81F,0xF81F,0xF81F,0xF81F,
  0xF81F,0xF81F,0xF81F,0xF81F,0xF81F,0x0000,0x0000,0x7498,0x7498,0x7CFA,0x0000,0x0000,0x0000,0x0000,0x7498,0x7498,0x7498,0x0000,0x0000,0xF81F,0xF81F,0xF81F,0xF81F,0xF81F,
  0xF81F,0xF81F,0xF81F,0xF81F,0xF81F,0xF81F,0x0000,0x0000,0x0000,0x9E3D,0x3A8F,0x3A8F,0x3A8F,0x3A8F,0x6C98,0x0000,0x0000,0x0000,0xF81F,0xF81F,0xF81F,0xF81F,0xF81F,0xF81F,
  0xF81F,0xF81F,0xF81F,0xF81F,0xF81F,0xF81F,0xF81F,0xF81F,0x0000,0x0000,0x0000,0x0000,0x0000,0x0000,0x0000,0x0000,0xF81F,0xF81F,0xF81F,0xF81F,0xF81F,0xF81F,0xF81F,0xF81F,
};

const uint16_t ICON_DINO[24*24] = {
  0xF81F,0xF81F,0xF81F,0xF81F,0xF81F,0xF81F,0xF81F,0xF81F,0xF81F,0xF81F,0xF81F,0xF81F,0x0000,0x0000,0x0000,0xF81F,0xF81F,0xF81F,0xF81F,0xF81F,0xF81F,0xF81F,0xF81F,0xF81F,
  0xF81F,0xF81F,0xF81F,0xF81F,0xF81F,0xF81F,0xF81F,0x0000,0x0000,0x0000,0x0000,0x0000,0x7A03,0xADA6,0xADA6,0x0000,0xF81F,0xF81F,0xF81F,0xF81F,0xF81F,0xF81F,0xF81F,0xF81F,
  0xF81F,0xF81F,0xF81F,0xF81F,0x0000,0x0000,0x0000,0x01C4,0x01C4,0x1407,0x0000,0x0000,0x0000,0x0000,0xADA6,0x0000,0xADA6,0x0000,0x0000,0xF81F,0xF81F,0xF81F,0xF81F,0xF81F,
  0xF81F,0xF81F,0xF81F,0x0000,0x7DE5,0xF7B3,0x7DE5,0x85E5,0x85E5,0x85E5,0x1407,0x85E5,0x85E5,0x85E5,0x7DE5,0x0000,0xADA6,0xADA6,0xADA6,0xF81F,0xF81F,0xF81F,0xF81F,0xF81F,
  0xF81F,0xF81F,0xF81F,0x0000,0x7DE5,0x85E5,0x85E5,0x85E5,0x85E5,0x7DE5,0x1407,0x7DE5,0x0000,0x0000,0x85E5,0x7DE5,0x0000,0xADA6,0xADA6,0xF81F,0xF81F,0xF81F,0xF81F,0xF81F,
  0xF81F,0x0000,0xD6AD,0x1407,0xF7B3,0x85E5,0x85E5,0x85E5,0x85E5,0x85E5,0x0000,0x0000,0xD6AD,0x0000,0x0000,0x85E5,0x1407,0x0000,0xADA6,0xF81F,0xF81F,0xF81F,0xF81F,0xF81F,
  0x0000,0x1407,0x7DE5,0x85E5,0x7DE5,0x85E5,0x85E5,0x85E5,0x7E05,0x85E5,0x0000,0x0000,0x0000,0x0000,0x0000,0x85E5,0x85E5,0x85E5,0x0000,0xF81F,0xF81F,0xF81F,0xF81F,0xF81F,
  0x0000,0x1407,0xD6AD,0x85E5,0x85E5,0x0000,0x85E5,0x85E5,0x85E5,0x85E5,0x0000,0x0000,0x0000,0x0000,0xF7B3,0x85E5,0x85E5,0x85E5,0x7A03,0xADA6,0xADA6,0xF81F,0xF81F,0xF81F,
  0x0000,0x1407,0x85E5,0x85E5,0x85E5,0x85E5,0x7DE5,0x7E05,0x85E5,0x85E5,0x7DE5,0x0000,0x0000,0x0000,0xF7B3,0x85E5,0x85E5,0x7DE5,0x01C4,0xADA6,0x7A03,0xF81F,0xF81F,0xF81F,
  0x0000,0x1407,0x7DE5,0x85E5,0x85E5,0x85E5,0x85E5,0x85E5,0x85E5,0x85E5,0x7DE5,0x7DE5,0x0000,0x0000,0x1407,0x85E5,0x85E5,0x1407,0x01C4,0x7A03,0x0000,0xF81F,0xF81F,0xF81F,
  0xF81F,0x0000,0x0000,0x0000,0x0000,0x0000,0x0000,0x0000,0x0000,0x0000,0x0000,0x0000,0x85E5,0x7E05,0xF7B3,0x85E5,0x7DE5,0x1407,0x01C4,0x0000,0xF81F,0xF81F,0xF81F,0xF81F,
  0xF81F,0xF81F,0x0000,0xF7B3,0x0000,0x0000,0x0000,0xF7B3,0xF7B3,0x0000,0x0000,0x7DE5,0x1407,0x85E5,0x7E05,0x85E5,0x1407,0x1407,0x0000,0x0000,0xF81F,0xF81F,0xF81F,0xF81F,
  0xF81F,0xF81F,0x0000,0x7A03,0x0000,0xF7B3,0x7A03,0x7A03,0x7A03,0x0000,0xF7B3,0xF7B3,0xF7B3,0x85E5,0x85E5,0x1407,0x1407,0x0000,0xADA6,0xADA6,0x0000,0xF81F,0xF81F,0xF81F,
  0xF81F,0xF81F,0x0000,0x0000,0xF7B3,0x0000,0x0000,0x0000,0x0000,0xF7B3,0xF7B3,0xF7B3,0x1407,0x7DE5,0x1407,0x0000,0x0000,0x0000,0xADA6,0x0000,0xF81F,0xF81F,0xF81F,0xF81F,
  0xF81F,0xF81F,0xF81F,0x0000,0xF7B3,0xF7B3,0xF7B3,0xF7B3,0xF7B3,0xF7B3,0xF7B3,0xD6AD,0x1407,0x0000,0x0000,0x1407,0x0000,0x0000,0x0000,0xF81F,0xF81F,0x0000,0x7E05,0x0000,
  0xF81F,0xF81F,0xF81F,0xF81F,0xF81F,0x0000,0x0000,0x0000,0x0000,0x0000,0xD6AD,0x7DE5,0x7DE5,0x7DE5,0x1407,0x1407,0x1407,0x0000,0x0000,0xF81F,0x0000,0x0000,0x7DE5,0x0000,
  0xF81F,0xF81F,0xF81F,0xF81F,0xF81F,0xF81F,0x0000,0x0000,0xF7B3,0xF7B3,0xF7B3,0x0000,0x85E5,0xF7B3,0xD6AD,0x1407,0x1407,0xADA6,0xD6AD,0x0000,0xD6AD,0x85E5,0x1407,0x0000,
  0xF81F,0xF81F,0xF81F,0xF81F,0xF81F,0x0000,0x85E5,0x0000,0xF7B3,0xF7B3,0x0000,0x0000,0xF7B3,0x7DE5,0x1407,0x0000,0x1407,0x1407,0x85E5,0x0000,0x85E5,0x85E5,0x1407,0x0000,
  0xF81F,0xF81F,0xF81F,0xF81F,0xF81F,0xF7B3,0x01C4,0x0000,0xF7B3,0xF7B3,0xF7B3,0xADA6,0x1407,0x1407,0x01C4,0xF7B3,0xF7B3,0x7DE5,0xADA6,0x85E5,0x7E05,0xADA6,0xD6AD,0x0000,
  0xF81F,0xF81F,0xF81F,0x0000,0xF7B3,0x0000,0x0000,0x0000,0xD6AD,0xF7B3,0x0000,0x0000,0x0000,0x0000,0x85E5,0x85E5,0xF7B3,0x7DE5,0x1407,0x7DE5,0x1407,0x1407,0xD6AD,0x0000,
  0xF81F,0xF81F,0xF81F,0x0000,0xF7B3,0x7DE5,0x0000,0x0000,0x0000,0xD6AD,0xF7B3,0xF7B3,0xADA6,0x0000,0x1407,0x1407,0x7DE5,0x7DE5,0x1407,0x01C4,0x7A03,0xADA6,0x0000,0xF81F,
  0xF81F,0xF81F,0xF81F,0x0000,0x85E5,0x7DE5,0x85E5,0x1407,0x0000,0xD6AD,0xD6AD,0xF7B3,0x0000,0x85E5,0x1407,0x7DE5,0x1407,0x85E5,0x1407,0x01C4,0xADA6,0x0000,0xF81F,0xF81F,
  0xF81F,0xF81F,0xF81F,0x0000,0x0000,0x01C4,0x0000,0x0000,0x0000,0x0000,0x7A03,0x0000,0xF7B3,0x01C4,0xF7B3,0x01C4,0x1407,0x0000,0x0000,0x0000,0x0000,0x0000,0xF81F,0xF81F,
  0xF81F,0xF81F,0xF81F,0xF81F,0xF81F,0xF81F,0xF81F,0xF81F,0xF81F,0xF81F,0xF81F,0x0000,0x0000,0x0000,0x0000,0x0000,0x0000,0x0000,0xF81F,0xF81F,0xF81F,0xF81F,0xF81F,0xF81F,
};

const uint16_t ICON_SHARK[24*24] = {
  0xF81F,0xF81F,0xF81F,0xF81F,0xF81F,0xF81F,0xF81F,0xF81F,0xF81F,0xF81F,0xF81F,0xF81F,0xF81F,0xF81F,0xF81F,0xF81F,0xF81F,0xF81F,0xF81F,0xF81F,0xF81F,0xF81F,0xF81F,0xF81F,
  0xF81F,0xF81F,0xF81F,0xF81F,0xF81F,0xF81F,0xF81F,0xF81F,0xF81F,0xF81F,0xF81F,0xF81F,0xF81F,0xF81F,0xF81F,0xF81F,0xF81F,0xF81F,0xF81F,0xF81F,0xF81F,0xF81F,0xF81F,0xF81F,
  0xF81F,0xF81F,0xF81F,0xF81F,0xF81F,0xF81F,0xF81F,0xF81F,0xF81F,0xF81F,0xF81F,0xF81F,0xF81F,0xF81F,0xF81F,0xF81F,0xF81F,0xF81F,0xF81F,0xF81F,0xF81F,0xF81F,0xF81F,0xF81F,
  0xF81F,0xF81F,0xF81F,0xF81F,0xF81F,0xF81F,0xF81F,0xF81F,0xF81F,0xF81F,0xF81F,0xF81F,0xF81F,0xF81F,0xF81F,0xF81F,0xF81F,0xF81F,0xF81F,0xF81F,0xF81F,0xF81F,0xF81F,0xF81F,
  0xF81F,0xF81F,0xF81F,0xF81F,0xF81F,0xF81F,0xF81F,0xF81F,0xF81F,0xF81F,0xF81F,0xF81F,0xF81F,0xF81F,0xF81F,0xF81F,0xF81F,0xF81F,0xF81F,0xF81F,0xF81F,0xF81F,0xF81F,0xF81F,
  0xF81F,0xF81F,0xF81F,0xF81F,0xF81F,0xF81F,0xF81F,0xF81F,0xF81F,0xF81F,0xF81F,0x0000,0x0217,0x049F,0x0000,0xF81F,0xF81F,0xF81F,0xF81F,0xF81F,0xF81F,0xF81F,0xF81F,0xF81F,
  0xF81F,0xF81F,0xF81F,0xF81F,0xF81F,0xF81F,0xF81F,0xF81F,0xF81F,0x0000,0x043E,0x0193,0x0237,0x0238,0x0000,0xF81F,0xF81F,0xF81F,0xF81F,0xF81F,0xF81F,0xF81F,0xF81F,0xF81F,
  0xF81F,0xF81F,0xF81F,0xF81F,0xF81F,0x0000,0x0000,0x0000,0x0000,0x0089,0x0238,0x0238,0x0238,0x0237,0xF81F,0xF81F,0xF81F,0xF81F,0xF81F,0xF81F,0xF81F,0xF81F,0xF81F,0xF81F,
  0xF81F,0xF81F,0x0000,0x0000,0x043E,0x047F,0x047F,0x047F,0x047F,0x047F,0x047F,0x0193,0x0237,0x0000,0xF81F,0xF81F,0xF81F,0xF81F,0xF81F,0xF81F,0xF81F,0x0000,0x0279,0x0000,
  0x0000,0x0217,0x049F,0x8E3F,0x047F,0x049F,0x047F,0x047F,0x0089,0x047F,0x049F,0x047F,0x047F,0x043E,0x0000,0x0000,0xF81F,0xF81F,0xF81F,0x0000,0x0238,0x0238,0x0217,0xF81F,
  0x0000,0x0279,0x049F,0x047F,0x047F,0x047F,0x0193,0xF81F,0x0000,0x049F,0x047F,0x047F,0x047F,0x047F,0x047F,0x0217,0x0000,0xF81F,0x0000,0x0193,0x0237,0x0238,0x0000,0xF81F,
  0x0000,0xF81F,0xF81F,0x049F,0x047F,0x047F,0x0193,0x0000,0x0000,0x047F,0x049F,0x047F,0x0000,0x047F,0x047F,0x049F,0x047F,0x0217,0x0089,0x0238,0x0237,0x0238,0x0000,0xF81F,
  0x0000,0xF81F,0xF81F,0xF81F,0xF81F,0x047F,0x0238,0x0000,0x0000,0x049F,0x047F,0x047F,0x0000,0x0000,0x047F,0x047F,0x0238,0x0238,0x0237,0x0238,0x0238,0x0238,0xF81F,0xF81F,
  0xF81F,0x0089,0x0000,0xF81F,0xF81F,0xF81F,0xF81F,0xF81F,0x0000,0xF81F,0xF81F,0x047F,0x0000,0x0000,0x047F,0x0217,0x0238,0x0238,0x0237,0x0237,0x0238,0x0238,0xF81F,0xF81F,
  0xF81F,0xF81F,0x0089,0x8E3F,0xF81F,0x0089,0x8E3F,0x0000,0x0217,0xF81F,0xF81F,0x0279,0x0000,0x047F,0x043E,0x0238,0x0217,0x0237,0x043E,0x8E3F,0x0238,0x0089,0xF81F,0xF81F,
  0xF81F,0xF81F,0xF81F,0x0000,0x0089,0xF81F,0x0000,0xF81F,0xF81F,0xF81F,0xF81F,0xF81F,0x0193,0x047F,0x047F,0x047F,0x0217,0x0000,0xF81F,0x0000,0x0238,0x0238,0x0089,0xF81F,
  0xF81F,0xF81F,0xF81F,0xF81F,0x0193,0xF81F,0xF81F,0xF81F,0xF81F,0x8E3F,0x8E3F,0x8E3F,0x0000,0x0193,0x049F,0x8E3F,0x8E3F,0x0000,0xF81F,0xF81F,0xF81F,0x0000,0x0000,0xF81F,
  0xF81F,0xF81F,0xF81F,0xF81F,0x0000,0x0217,0x0000,0x0000,0x8E3F,0x8E3F,0x8E3F,0x0000,0x0000,0x0000,0x0000,0x047F,0x043E,0x0237,0xF81F,0xF81F,0xF81F,0xF81F,0xF81F,0xF81F,
  0xF81F,0xF81F,0xF81F,0xF81F,0xF81F,0x0193,0x0000,0x0000,0xF81F,0xF81F,0xF81F,0xF81F,0xF81F,0xF81F,0xF81F,0x0000,0x0000,0x0000,0xF81F,0xF81F,0xF81F,0xF81F,0xF81F,0xF81F,
  0xF81F,0xF81F,0xF81F,0xF81F,0xF81F,0xF81F,0xF81F,0xF81F,0xF81F,0xF81F,0xF81F,0xF81F,0xF81F,0xF81F,0xF81F,0xF81F,0xF81F,0xF81F,0xF81F,0xF81F,0xF81F,0xF81F,0xF81F,0xF81F,
  0xF81F,0xF81F,0xF81F,0xF81F,0xF81F,0xF81F,0xF81F,0xF81F,0xF81F,0xF81F,0xF81F,0xF81F,0xF81F,0xF81F,0xF81F,0xF81F,0xF81F,0xF81F,0xF81F,0xF81F,0xF81F,0xF81F,0xF81F,0xF81F,
  0xF81F,0xF81F,0xF81F,0xF81F,0xF81F,0xF81F,0xF81F,0xF81F,0xF81F,0xF81F,0xF81F,0xF81F,0xF81F,0xF81F,0xF81F,0xF81F,0xF81F,0xF81F,0xF81F,0xF81F,0xF81F,0xF81F,0xF81F,0xF81F,
  0xF81F,0xF81F,0xF81F,0xF81F,0xF81F,0xF81F,0xF81F,0xF81F,0xF81F,0xF81F,0xF81F,0xF81F,0xF81F,0xF81F,0xF81F,0xF81F,0xF81F,0xF81F,0xF81F,0xF81F,0xF81F,0xF81F,0xF81F,0xF81F,
  0xF81F,0xF81F,0xF81F,0xF81F,0xF81F,0xF81F,0xF81F,0xF81F,0xF81F,0xF81F,0xF81F,0xF81F,0xF81F,0xF81F,0xF81F,0xF81F,0xF81F,0xF81F,0xF81F,0xF81F,0xF81F,0xF81F,0xF81F,0xF81F,
};

const uint16_t ICON_CROWN[24*24] = {
  0xF81F,0xF81F,0xF81F,0xF81F,0xF81F,0xF81F,0xF81F,0xF81F,0xF81F,0xF81F,0xF81F,0xF81F,0xF81F,0xF81F,0xF81F,0xF81F,0xF81F,0xF81F,0xF81F,0xF81F,0xF81F,0xF81F,0xF81F,0xF81F,
  0xF81F,0xF81F,0xF81F,0xF81F,0xF81F,0xF81F,0xF81F,0xF81F,0xF81F,0xF81F,0xF81F,0x0001,0x0001,0xF81F,0xF81F,0xF81F,0xF81F,0xF81F,0xF81F,0xF81F,0xF81F,0xF81F,0xF81F,0xF81F,
  0xF81F,0xF81F,0xF81F,0xF81F,0xF81F,0xF81F,0xF81F,0xF81F,0xF81F,0xF81F,0x0001,0x0000,0x4060,0x0001,0xF81F,0xF81F,0xF81F,0xF81F,0xF81F,0xF81F,0xF81F,0xF81F,0xF81F,0xF81F,
  0xF81F,0xF81F,0xF81F,0xF81F,0xF81F,0xF81F,0xF81F,0xF81F,0xF81F,0xF81F,0xFD40,0xF480,0xEB80,0xFD40,0xF81F,0xF81F,0xF81F,0xF81F,0xF81F,0xF81F,0xF81F,0xF81F,0xF81F,0xF81F,
  0xF81F,0xF81F,0xF81F,0xF81F,0xF81F,0xF81F,0xF81F,0xF81F,0xF81F,0xF81F,0x0001,0x0000,0x4060,0x0000,0xF81F,0xF81F,0xF81F,0xF81F,0xF81F,0xF81F,0xF81F,0xF81F,0xF81F,0xF81F,
  0xF81F,0xF81F,0xF81F,0xF81F,0xF81F,0xF81F,0xF81F,0xF81F,0xF81F,0xF81F,0x0000,0xFD40,0xFD40,0x0000,0xF81F,0xF81F,0xF81F,0xF81F,0xF81F,0xF81F,0xF81F,0xF81F,0xF81F,0xF81F,
  0xF81F,0xF81F,0xF81F,0xF81F,0x0001,0x0001,0x0000,0xF81F,0xF81F,0x0001,0xFE00,0xFFD6,0xFE00,0xEB80,0x0000,0xF81F,0xF81F,0x0001,0x0001,0x0001,0x0000,0xF81F,0xF81F,0xF81F,
  0xF81F,0x0000,0x4060,0xFE00,0xFD40,0xFD40,0xEB80,0xB200,0x0000,0x0001,0xEB80,0xEB80,0xEB80,0xB200,0x0001,0x0000,0xFD40,0xEB80,0xEB80,0xFD40,0xFFD6,0x9801,0x0000,0xF81F,
  0xF81F,0x0000,0xF480,0xFFD6,0x9801,0x0001,0x4060,0xEB80,0xEB80,0x0000,0x0001,0x0000,0x0000,0x0001,0x0001,0xEB80,0xEB80,0x9801,0x0001,0x9801,0xEB80,0xFD40,0x0000,0xF81F,
  0x0001,0xFD40,0xFFD6,0xFE00,0x0001,0x4060,0xD001,0xD001,0x0001,0xEB80,0xFE00,0xFFD6,0xFFD6,0xFD40,0xEB80,0x0000,0xD001,0xD001,0x4060,0x0001,0x0000,0xFFD6,0xFD40,0x0001,
  0x0000,0xEB80,0xFD40,0xFE00,0x4060,0xF181,0xD001,0xD001,0xD001,0x2800,0xFFD6,0xF480,0xF181,0xFD40,0x2800,0xD001,0xD001,0xD001,0xF181,0x4060,0x0000,0xFFD6,0xEB80,0x0000,
  0x0000,0x2800,0xFD40,0xFE00,0x9801,0xF181,0xF181,0xFFD6,0xF181,0xD001,0xFE00,0xB200,0xB200,0xFD40,0xF181,0xF181,0xFFD6,0xF181,0xF181,0x9801,0x0000,0xFFD6,0x2800,0x0000,
  0xF81F,0xEB80,0x4060,0xFE00,0x0001,0xD001,0xD001,0xF181,0xD001,0x9801,0xFD40,0x4060,0x2800,0xFD40,0x9801,0xD001,0xD001,0xD001,0xD001,0x0000,0x0000,0x4060,0xEB80,0xF81F,
  0xF81F,0x0001,0x4060,0xFE00,0x0000,0xD001,0xD001,0x9801,0xD001,0x4060,0x0000,0xFFD6,0xFD40,0x0000,0x4060,0xD001,0x9801,0xD001,0xD001,0x0000,0x2800,0x4060,0x0001,0xF81F,
  0xF81F,0x0001,0x2800,0xB200,0xFD40,0x2800,0x9801,0x9801,0x9801,0x0001,0xFD40,0xFE00,0x4060,0xEB80,0x0001,0x4060,0x9801,0x4060,0x0001,0xFFD6,0xFE00,0x4060,0x0001,0xF81F,
  0xF81F,0x0001,0xEB80,0x0000,0xEB80,0x0001,0x0001,0x9801,0x4060,0x0001,0x0000,0xB200,0xB200,0x0001,0x0001,0x2800,0x9801,0x0001,0x0001,0xEB80,0xFE00,0xEB80,0x0001,0xF81F,
  0xF81F,0x0000,0xEB80,0xB200,0xFD40,0xEB80,0xB200,0xF480,0xFFD6,0xF480,0xF480,0xFFD6,0xFFD6,0xF480,0xF480,0xFFD6,0xF480,0xEB80,0xEB80,0xF480,0xF480,0xB200,0x0000,0xF81F,
  0xF81F,0x0001,0xEB80,0x2800,0x2800,0x2800,0x2800,0x4060,0x4060,0x4060,0x4060,0x2800,0x2800,0x2800,0x4060,0x4060,0x4060,0x2800,0x4060,0x4060,0x2800,0xEB80,0x0001,0xF81F,
  0xF81F,0xF81F,0x0001,0x2800,0x0000,0xD001,0x0000,0xEB80,0xFFD6,0xFD40,0xF181,0x9801,0xD001,0xF181,0xFD40,0xF480,0x4060,0x0001,0xD001,0xD001,0xF480,0x4060,0xF81F,0xF81F,
  0xF81F,0xF81F,0xEB80,0x0000,0x0000,0xD001,0x0000,0xEB80,0x2800,0xFD40,0xF181,0xD001,0xD001,0xF181,0xFD40,0xF480,0xF480,0x0001,0xD001,0xD001,0xF480,0xEB80,0xF81F,0xF81F,
  0xF81F,0x0001,0xB200,0xF480,0xFFD6,0xFD40,0xFD40,0xFD40,0xFFD6,0xFE00,0xFE00,0xFFD6,0xFFD6,0xFE00,0xFE00,0xFFD6,0xFE00,0xFD40,0xFD40,0xFD40,0xFE00,0xEB80,0x0000,0xF81F,
  0xF81F,0x0001,0x0000,0x0001,0x0001,0x0001,0x0000,0x0000,0x0000,0x0000,0x0000,0x0000,0x0000,0x0000,0x0000,0x0000,0x0000,0x0001,0x0001,0x0001,0x0001,0x0000,0x0001,0xF81F,
  0xF81F,0xF81F,0xF81F,0x0000,0x0001,0x0001,0x0001,0x0001,0x0000,0x0001,0x0001,0x0000,0x0000,0x0001,0x0001,0x0001,0x0001,0x0001,0x0001,0x0001,0x0000,0xF81F,0xF81F,0xF81F,
  0xF81F,0xF81F,0xF81F,0xF81F,0xF81F,0xF81F,0xF81F,0xF81F,0xF81F,0xF81F,0xF81F,0xF81F,0xF81F,0xF81F,0xF81F,0xF81F,0xF81F,0xF81F,0xF81F,0xF81F,0xF81F,0xF81F,0xF81F,0xF81F,
};

const uint16_t ICON_BUTTERFLY[24*24] = {
  0xF81F,0xF81F,0xF81F,0xF81F,0xF81F,0xF81F,0xF81F,0xF81F,0xF81F,0xF81F,0xF81F,0xF81F,0xF81F,0xF81F,0xF81F,0xF81F,0xF81F,0xF81F,0xF81F,0xF81F,0xF81F,0xF81F,0xF81F,0xF81F,
  0xF81F,0xF81F,0xF81F,0xF81F,0xF81F,0xF81F,0xF81F,0xF81F,0xF81F,0xF81F,0xF81F,0xF81F,0xF81F,0xF81F,0xF81F,0xF81F,0xF81F,0xF81F,0xF81F,0xF81F,0xF81F,0xF81F,0xF81F,0xF81F,
  0xF81F,0xF81F,0xF81F,0xF81F,0xF81F,0xF81F,0xF81F,0xF81F,0xF81F,0xF81F,0xF81F,0xF81F,0xF81F,0xF81F,0xF81F,0xF81F,0xF81F,0xF81F,0xF81F,0xF81F,0xF81F,0xF81F,0xF81F,0xF81F,
  0xF81F,0xF81F,0xF81F,0xF81F,0xF81F,0xF81F,0xF81F,0xF81F,0xF81F,0xF81F,0xF81F,0xF81F,0xF81F,0xF81F,0xF81F,0xF81F,0xF81F,0xF81F,0xF81F,0xF81F,0xF81F,0xF81F,0xF81F,0xF81F,
  0x0002,0xA810,0xA810,0xA810,0x0804,0x0002,0xF81F,0xF81F,0xF81F,0xF81F,0xF81F,0xF81F,0xF81F,0xF81F,0xF81F,0xF81F,0xF81F,0xF81F,0x0002,0x0804,0xA810,0xA810,0xA810,0x0002,
  0x0804,0xA810,0xF134,0xF975,0xF975,0x0804,0x0804,0xF81F,0xF81F,0x0804,0xF81F,0xF81F,0xF81F,0xF81F,0x0804,0xF81F,0xF81F,0x0804,0x0804,0xF975,0xF975,0xF975,0xA810,0x0804,
  0x0804,0xA810,0xF975,0xF975,0xF81F,0xF975,0xF975,0x0804,0xF81F,0xF81F,0x0804,0xF81F,0xF81F,0x0804,0xF81F,0xF81F,0x0804,0xF975,0xF975,0xF81F,0xF975,0xF975,0xA810,0x0804,
  0xF81F,0x0804,0xF975,0xF975,0xF975,0xF81F,0xF975,0xF975,0x0002,0x0002,0xF81F,0xF81F,0xF81F,0xF81F,0x0002,0x0804,0xF975,0xF975,0xF81F,0xF975,0xF975,0xF975,0x0804,0xF81F,
  0xF81F,0x0804,0xA810,0xF975,0xF975,0xF134,0xF975,0xF975,0xF134,0x0804,0xF81F,0x0804,0x0804,0xF81F,0x0804,0xF134,0xF975,0xF975,0xF134,0xF134,0xF975,0xA810,0x0804,0xF81F,
  0xF81F,0x0804,0xA810,0xA810,0xF975,0xF975,0xA810,0xF975,0xF975,0xF975,0x0804,0xDAFC,0x5030,0x0804,0xF975,0xF975,0xF975,0xA810,0xF975,0xF975,0xA810,0xA810,0x0804,0xF81F,
  0xF81F,0xF81F,0x0804,0xA810,0xA810,0xF975,0xF975,0xF975,0x7810,0xA810,0xF134,0x0002,0x0002,0xF134,0xA810,0xA810,0xF975,0xF975,0xF975,0xA810,0xA810,0x0804,0xF81F,0xF81F,
  0xF81F,0xF81F,0x0804,0x0804,0xA810,0xF975,0xF975,0xF975,0xF975,0xF975,0xA810,0xDAFC,0x1806,0xA810,0xF975,0xF975,0xF975,0xF975,0xF975,0xA810,0x0804,0x0804,0xF81F,0xF81F,
  0xF81F,0xF81F,0xF81F,0xF81F,0x0804,0x0804,0x0804,0x0804,0x7074,0x6032,0x6032,0x5030,0x1806,0x6032,0x6032,0x6032,0x0804,0x0804,0x0804,0x0804,0xF81F,0xF81F,0xF81F,0xF81F,
  0xF81F,0xF81F,0xF81F,0x0804,0x0804,0x7074,0xDAFC,0xDAFC,0x1806,0x6032,0x6032,0x1806,0x0804,0x6032,0x6032,0x6032,0xDAFC,0xDAFC,0x7074,0x0804,0x0804,0xF81F,0xF81F,0xF81F,
  0xF81F,0xF81F,0x0804,0x6032,0xDAFC,0xDAFC,0xDAFC,0x6032,0xF975,0xF975,0x6032,0x5030,0x5030,0x6032,0xF975,0xF975,0x6032,0xDAFC,0xDAFC,0xDAFC,0x6032,0x0804,0xF81F,0xF81F,
  0xF81F,0xF81F,0x0804,0x6032,0x6032,0x6032,0x7074,0xF975,0xF975,0x6032,0x0804,0x5030,0x0804,0x0804,0x6032,0xF975,0xF975,0x7074,0x6032,0x6032,0x6032,0x0804,0xF81F,0xF81F,
  0xF81F,0xF81F,0xF81F,0x0804,0x6032,0x7074,0xDAFC,0x7074,0x6032,0x6032,0x0804,0x0804,0x0804,0x0804,0x6032,0x6032,0x7074,0xDAFC,0x7074,0x6032,0x0804,0xF81F,0xF81F,0xF81F,
  0xF81F,0xF81F,0xF81F,0xF81F,0x0804,0x6032,0x6032,0x6032,0x5030,0x0804,0xF81F,0x0804,0x0804,0xF81F,0x0804,0x6032,0x6032,0x6032,0x6032,0x0804,0x0002,0xF81F,0xF81F,0xF81F,
  0xF81F,0xF81F,0xF81F,0xF81F,0x0804,0x0804,0x6032,0x6032,0x0002,0x0804,0xF81F,0xF81F,0xF81F,0xF81F,0x0804,0x0804,0x6032,0x6032,0x7074,0x0804,0xF81F,0xF81F,0xF81F,0xF81F,
  0xF81F,0xF81F,0xF81F,0xF81F,0xF81F,0x0002,0x0804,0x0804,0x0804,0xF81F,0xF81F,0xF81F,0xF81F,0xF81F,0xF81F,0x0804,0x0804,0x0804,0x0002,0xF81F,0xF81F,0xF81F,0xF81F,0xF81F,
  0xF81F,0xF81F,0xF81F,0xF81F,0xF81F,0xF81F,0xF81F,0xF81F,0xF81F,0xF81F,0xF81F,0xF81F,0xF81F,0xF81F,0xF81F,0xF81F,0xF81F,0xF81F,0xF81F,0xF81F,0xF81F,0xF81F,0xF81F,0xF81F,
  0xF81F,0xF81F,0xF81F,0xF81F,0xF81F,0xF81F,0xF81F,0xF81F,0xF81F,0xF81F,0xF81F,0xF81F,0xF81F,0xF81F,0xF81F,0xF81F,0xF81F,0xF81F,0xF81F,0xF81F,0xF81F,0xF81F,0xF81F,0xF81F,
  0xF81F,0xF81F,0xF81F,0xF81F,0xF81F,0xF81F,0xF81F,0xF81F,0xF81F,0xF81F,0xF81F,0xF81F,0xF81F,0xF81F,0xF81F,0xF81F,0xF81F,0xF81F,0xF81F,0xF81F,0xF81F,0xF81F,0xF81F,0xF81F,
  0xF81F,0xF81F,0xF81F,0xF81F,0xF81F,0xF81F,0xF81F,0xF81F,0xF81F,0xF81F,0xF81F,0xF81F,0xF81F,0xF81F,0xF81F,0xF81F,0xF81F,0xF81F,0xF81F,0xF81F,0xF81F,0xF81F,0xF81F,0xF81F,
};

const uint16_t ICON_WAND[24*24] = {
  0xF81F,0xF81F,0xF81F,0xF81F,0xF81F,0xF81F,0xF81F,0xF81F,0xF81F,0xF81F,0xF81F,0xF81F,0xF81F,0xF81F,0xF81F,0xF81F,0xFECD,0xF81F,0xF81F,0xF81F,0xF81F,0xF81F,0xF81F,0xF81F,
  0xF81F,0xF81F,0xF81F,0xF81F,0xF81F,0xF81F,0xF81F,0xF81F,0xF81F,0x0025,0x0025,0xF81F,0xF81F,0xF81F,0xF81F,0xF81F,0xF81F,0xFECD,0xF81F,0xF81F,0xF81F,0xF81F,0xF81F,0xF81F,
  0xF81F,0xF81F,0xF81F,0xF81F,0xF81F,0xF81F,0xF81F,0xF81F,0xF81F,0x0025,0x0025,0x0025,0xF81F,0xF81F,0xF81F,0xF81F,0xF81F,0xF81F,0xF81F,0xF81F,0xF81F,0xF81F,0xF81F,0xF81F,
  0xF81F,0xF81F,0xF81F,0xF81F,0xF81F,0xF81F,0xF81F,0xF81F,0xF81F,0xD181,0xFDA0,0xFD80,0x0001,0xF81F,0x0025,0x0025,0x0025,0x0025,0xF81F,0xF81F,0xF81F,0xF81F,0xF81F,0xF81F,
  0xF81F,0xF81F,0xF81F,0xF81F,0xF81F,0xF81F,0xF81F,0xF81F,0xF81F,0xD181,0xFDA0,0xFD80,0x0025,0x0025,0xD181,0xFD80,0xFD80,0x0025,0xF81F,0xF81F,0xF81F,0xF81F,0xF81F,0xF81F,
  0xF81F,0xF81F,0xF81F,0xF81F,0xF81F,0xF81F,0x0001,0x0025,0x1045,0xBAE5,0xFD80,0xFD80,0xFDA0,0xFD80,0xFD80,0xFDA0,0x0025,0x0001,0xF81F,0xF81F,0xF81F,0xF81F,0xF81F,0xF81F,
  0xF81F,0xF81F,0xF81F,0xF81F,0xF81F,0x0025,0x0025,0xFECD,0xFECD,0xFD80,0xFD80,0xFDA0,0xFD80,0xFDA0,0xFDA0,0xD181,0x0025,0xF81F,0xF81F,0xF81F,0xF81F,0xF81F,0xF81F,0xF81F,
  0xF81F,0xF81F,0xF81F,0xF81F,0xF81F,0x0025,0xD181,0xFECD,0xFD80,0xFD80,0xFDA0,0xFDA0,0xFDA0,0xFD80,0xFDA0,0x0025,0xF81F,0xF81F,0xF81F,0xF81F,0xF81F,0xF81F,0xF81F,0xF81F,
  0xF81F,0xF81F,0xF81F,0xF81F,0xF81F,0x0025,0x0025,0xD181,0xD181,0xFD80,0xFDA0,0xFD80,0xFD80,0xFD80,0xFECD,0xFDA0,0x0025,0xF81F,0xF81F,0xF81F,0xF81F,0xF81F,0xF81F,0xF81F,
  0xF81F,0xF81F,0xF81F,0xF81F,0xF81F,0xF81F,0x0025,0x0025,0x1045,0xFECD,0xFD80,0xFDA0,0xD181,0xD181,0xFECD,0xFDA0,0x0025,0x0001,0xF81F,0xF81F,0xF81F,0xF81F,0xF81F,0xF81F,
  0xF81F,0xF81F,0xF81F,0xF81F,0xF81F,0xF81F,0xF81F,0x0025,0x1045,0xFECD,0xFDA0,0xD181,0x0025,0x0025,0xD181,0xD181,0xD181,0x0001,0xF81F,0xF81F,0xF81F,0xF81F,0xF81F,0xF81F,
  0xF81F,0xF81F,0xF81F,0xF81F,0xD181,0xF81F,0xD181,0xF81F,0x0025,0xFD80,0x0025,0x0025,0x0025,0x5186,0x0001,0x0025,0x0025,0xF81F,0xF81F,0xF81F,0xF81F,0xF81F,0xF81F,0xF81F,
  0xF81F,0xF81F,0xF81F,0xF81F,0xF81F,0xD181,0xF81F,0xF81F,0x0025,0xD181,0x0025,0xF81F,0xD181,0xFDA0,0x0025,0xF81F,0xF81F,0xF81F,0xF81F,0xF81F,0xF81F,0xF81F,0xF81F,0xF81F,
  0xF81F,0xF81F,0xF81F,0xF81F,0xF81F,0xF81F,0xF81F,0xF81F,0xF81F,0x0025,0xF81F,0xF81F,0x0025,0xFD80,0x0025,0x0024,0xF81F,0xF81F,0xF81F,0xF81F,0xF81F,0xF81F,0xF81F,0xF81F,
  0xF81F,0xF81F,0xF81F,0xF81F,0xF81F,0xF81F,0xF81F,0xF81F,0xF81F,0xF81F,0xF81F,0xF81F,0x0025,0x5186,0x0025,0x0025,0xF81F,0xF81F,0xF81F,0xF81F,0xF81F,0xF81F,0xF81F,0xF81F,
  0xF81F,0xF81F,0xF81F,0xF81F,0xF81F,0xF81F,0xF81F,0xF81F,0xF81F,0xF81F,0xF81F,0xF81F,0xF81F,0x0025,0x5186,0x0025,0xF81F,0xF81F,0xF81F,0xF81F,0xF81F,0xF81F,0xF81F,0xF81F,
  0xF81F,0xF81F,0xF81F,0xF81F,0xF81F,0xF81F,0xF81F,0xF81F,0xF81F,0xF81F,0xF81F,0xF81F,0xF81F,0x0025,0x5186,0x5186,0x0025,0xF81F,0xF81F,0xF81F,0xF81F,0xF81F,0xF81F,0xF81F,
  0xF81F,0xF81F,0xF81F,0xF81F,0xF81F,0xF81F,0xF81F,0xF81F,0xF81F,0xF81F,0xF81F,0xF81F,0xF81F,0xF81F,0x0025,0xCC46,0x0025,0xF81F,0xF81F,0xF81F,0xF81F,0xF81F,0xF81F,0xF81F,
  0xF81F,0xF81F,0xF81F,0xF81F,0xF81F,0xF81F,0xF81F,0xF81F,0xF81F,0xF81F,0xF81F,0xF81F,0xF81F,0xF81F,0x0025,0x1045,0x0025,0x0025,0xF81F,0xF81F,0xF81F,0xF81F,0xF81F,0xF81F,
  0xF81F,0xF81F,0xF81F,0xF81F,0xF81F,0xF81F,0xF81F,0xF81F,0xF81F,0xF81F,0xF81F,0xF81F,0xF81F,0xF81F,0xF81F,0x0024,0x5186,0x0025,0xF81F,0xF81F,0xF81F,0xF81F,0xF81F,0xF81F,
  0xF81F,0xF81F,0xF81F,0xF81F,0xF81F,0xF81F,0xF81F,0xF81F,0xF81F,0xF81F,0xF81F,0xF81F,0xF81F,0xF81F,0xF81F,0x0001,0x0001,0x5186,0x0024,0xF81F,0xF81F,0xF81F,0xF81F,0xF81F,
  0xF81F,0xF81F,0xF81F,0xF81F,0xF81F,0xF81F,0xF81F,0xF81F,0xF81F,0xF81F,0xF81F,0xF81F,0xF81F,0xF81F,0xF81F,0x1045,0x0025,0x5186,0x0025,0x0024,0xF81F,0xF81F,0xF81F,0xF81F,
  0xF81F,0xF81F,0xF81F,0xF81F,0xF81F,0xF81F,0xF81F,0xF81F,0xF81F,0xF81F,0xF81F,0xF81F,0xF81F,0xF81F,0xF81F,0xF81F,0x0025,0x5186,0x0025,0x0024,0xF81F,0xF81F,0xF81F,0xF81F,
  0xF81F,0xF81F,0xF81F,0xF81F,0xF81F,0xF81F,0xF81F,0xF81F,0xF81F,0xF81F,0xF81F,0xF81F,0xF81F,0xF81F,0xF81F,0xF81F,0xF81F,0x0025,0x0025,0xF81F,0xF81F,0xF81F,0xF81F,0xF81F,
};

const uint16_t ICON_NOTE[24*24] = {
  0xF81F,0xF81F,0xF81F,0xF81F,0xF81F,0xF81F,0xF81F,0xF81F,0xF81F,0xF81F,0x0000,0x0001,0x0001,0x0001,0x0001,0x0001,0x0001,0x0000,0x0001,0x0001,0xF81F,0xF81F,0xF81F,0xF81F,
  0xF81F,0xF81F,0xF81F,0xF81F,0xF81F,0xF81F,0xF81F,0xF81F,0xF81F,0x0000,0xB11F,0xB93F,0xECBF,0xB11F,0xB11F,0xB11F,0xB11F,0xB11F,0xB11F,0x5815,0x0000,0x0000,0x0000,0xF81F,
  0xF81F,0xF81F,0xF81F,0xF81F,0xF81F,0xF81F,0xF81F,0xF81F,0xF81F,0x0001,0xB11F,0xB93F,0xECBF,0xB93F,0xB11F,0xB11F,0xB11F,0xB11F,0xB11F,0x5815,0x0001,0x0001,0x0000,0xF81F,
  0xF81F,0xF81F,0xF81F,0xF81F,0xF81F,0xF81F,0xF81F,0xF81F,0xF81F,0x0001,0xB11F,0xB93F,0xECBF,0xECBF,0xB11F,0xB11F,0xB11F,0xB11F,0xB11F,0xB11F,0xB11F,0xB93F,0x5815,0x0000,
  0xF81F,0xF81F,0xF81F,0xF81F,0xF81F,0xF81F,0xF81F,0xF81F,0xF81F,0x0001,0xB11F,0xB93F,0xECBF,0xB11F,0xB11F,0xB11F,0xB11F,0xB11F,0xB11F,0xB11F,0xB11F,0xB93F,0x5815,0x0000,
  0xF81F,0xF81F,0xF81F,0xF81F,0xF81F,0xF81F,0xF81F,0xF81F,0xF81F,0x0001,0xB11F,0xB93F,0xECBF,0x5815,0x0000,0x0000,0x0000,0x5815,0xB11F,0xB11F,0xB11F,0xB93F,0x5815,0x0000,
  0xF81F,0xF81F,0xF81F,0xF81F,0xF81F,0xF81F,0xF81F,0xF81F,0xF81F,0x0001,0xB11F,0xB93F,0xECBF,0x5815,0x0000,0x0000,0x0000,0x5815,0xB93F,0xB93F,0xB93F,0xB93F,0x5815,0x0000,
  0xF81F,0xF81F,0xF81F,0xF81F,0xF81F,0xF81F,0xF81F,0xF81F,0xF81F,0x0001,0xB11F,0xB11F,0x5815,0x0001,0x0000,0x0000,0x0000,0x0001,0x0001,0x5815,0x5815,0x8099,0x0001,0x0001,
  0xF81F,0xF81F,0xF81F,0xF81F,0xF81F,0xF81F,0xF81F,0xF81F,0xF81F,0x0001,0xB11F,0xB11F,0x5815,0x0000,0xF81F,0xF81F,0xF81F,0xF81F,0x0001,0x380F,0x0001,0x0001,0x0000,0xF81F,
  0xF81F,0xF81F,0xF81F,0xF81F,0xF81F,0xF81F,0xF81F,0xF81F,0xF81F,0x0001,0xB11F,0xB11F,0x5815,0x0000,0xF81F,0xF81F,0xF81F,0xF81F,0x0000,0x0001,0xF81F,0xF81F,0xF81F,0xF81F,
  0xF81F,0xF81F,0xF81F,0xF81F,0xF81F,0xF81F,0xF81F,0xF81F,0xF81F,0x0001,0xB11F,0xB11F,0x5815,0x0001,0xF81F,0xF81F,0xF81F,0xF81F,0xF81F,0xF81F,0xF81F,0xF81F,0xF81F,0xF81F,
  0xF81F,0xF81F,0xF81F,0xF81F,0xF81F,0xF81F,0xF81F,0xF81F,0xF81F,0x0001,0xB11F,0xB11F,0x5815,0x0000,0xF81F,0xF81F,0xF81F,0xF81F,0xF81F,0xF81F,0xF81F,0xF81F,0xF81F,0xF81F,
  0xF81F,0xF81F,0xF81F,0xF81F,0xF81F,0xF81F,0xF81F,0xF81F,0xF81F,0x0001,0xB11F,0xB11F,0x5815,0x0001,0xF81F,0xF81F,0xF81F,0xF81F,0xF81F,0xF81F,0xF81F,0xF81F,0xF81F,0xF81F,
  0xF81F,0xF81F,0xF81F,0xF81F,0x0000,0x0001,0x0001,0x0001,0x0001,0x0001,0xB11F,0xB11F,0x5815,0x0000,0xF81F,0xF81F,0xF81F,0xF81F,0xF81F,0xF81F,0xF81F,0xF81F,0xF81F,0xF81F,
  0xF81F,0xF81F,0xF81F,0x0000,0x5815,0x380F,0xB11F,0xB11F,0xB11F,0x5815,0x380F,0x380F,0x5815,0x0000,0xF81F,0xF81F,0xF81F,0xF81F,0xF81F,0xF81F,0xF81F,0xF81F,0xF81F,0xF81F,
  0xF81F,0x0000,0x0000,0x8099,0xECBF,0xECBF,0xECBF,0xB11F,0xB11F,0xB93F,0x8099,0x8099,0x5815,0x0001,0xF81F,0xF81F,0xF81F,0xF81F,0xF81F,0xF81F,0xF81F,0xF81F,0xF81F,0xF81F,
  0xF81F,0x0000,0x0000,0x5815,0xECBF,0xECBF,0xECBF,0xB11F,0xB11F,0xB11F,0x5815,0x5815,0x5815,0x0000,0xF81F,0xF81F,0xF81F,0xF81F,0xF81F,0xF81F,0xF81F,0xF81F,0xF81F,0xF81F,
  0x0001,0x5815,0x380F,0xECBF,0xECBF,0xECBF,0xB11F,0xB11F,0xB11F,0xB11F,0xB11F,0xB11F,0x380F,0x0001,0xF81F,0xF81F,0xF81F,0xF81F,0xF81F,0xF81F,0xF81F,0xF81F,0xF81F,0xF81F,
  0x0001,0x5815,0x380F,0xB11F,0xECBF,0xECBF,0xB11F,0xB11F,0xB11F,0xB11F,0x5815,0x5815,0x380F,0x0000,0xF81F,0xF81F,0xF81F,0xF81F,0xF81F,0xF81F,0xF81F,0xF81F,0xF81F,0xF81F,
  0x0001,0x5815,0x380F,0xB11F,0xB11F,0xB11F,0xB11F,0xB11F,0xB11F,0x5815,0x5815,0x5815,0x0001,0x0000,0xF81F,0xF81F,0xF81F,0xF81F,0xF81F,0xF81F,0xF81F,0xF81F,0xF81F,0xF81F,
  0x0001,0x0000,0x0000,0x380F,0x380F,0x380F,0x380F,0x380F,0x380F,0x5815,0x0000,0x0000,0x0001,0xF81F,0xF81F,0xF81F,0xF81F,0xF81F,0xF81F,0xF81F,0xF81F,0xF81F,0xF81F,0xF81F,
  0x0000,0x0000,0x0000,0x5815,0x5815,0x5815,0x5815,0x5815,0x5815,0x5815,0x0000,0x0000,0x0000,0xF81F,0xF81F,0xF81F,0xF81F,0xF81F,0xF81F,0xF81F,0xF81F,0xF81F,0xF81F,0xF81F,
  0xF81F,0x0001,0x0000,0x0000,0x5815,0x5815,0x5815,0x5815,0x0001,0x0001,0x0000,0x0000,0xF81F,0xF81F,0xF81F,0xF81F,0xF81F,0xF81F,0xF81F,0xF81F,0xF81F,0xF81F,0xF81F,0xF81F,
  0xF81F,0xF81F,0xF81F,0x0001,0x0001,0x0000,0x0001,0x0001,0x0001,0x0001,0xF81F,0xF81F,0xF81F,0xF81F,0xF81F,0xF81F,0xF81F,0xF81F,0xF81F,0xF81F,0xF81F,0xF81F,0xF81F,0xF81F,
};

const uint16_t ICON_PAW[24*24] = {
  0xF81F,0xF81F,0xF81F,0xF81F,0xF81F,0xF81F,0xF81F,0xF81F,0xF81F,0xF81F,0xF81F,0xF81F,0xF81F,0xF81F,0xF81F,0xF81F,0xF81F,0xF81F,0xF81F,0xF81F,0xF81F,0xF81F,0xF81F,0xF81F,
  0xF81F,0xF81F,0xF81F,0xF81F,0xF81F,0xF81F,0xF81F,0xF81F,0xF81F,0xF81F,0xF81F,0xF81F,0xF81F,0xF81F,0xF81F,0xF81F,0xF81F,0xF81F,0xF81F,0xF81F,0xF81F,0xF81F,0xF81F,0xF81F,
  0xF81F,0xF81F,0xF81F,0xF81F,0xF81F,0xF81F,0xF81F,0x0002,0x1843,0x1843,0xF81F,0xF81F,0xF81F,0xF81F,0x1863,0x1843,0x1843,0xF81F,0xF81F,0xF81F,0xF81F,0xF81F,0xF81F,0xF81F,
  0xF81F,0xF81F,0xF81F,0xF81F,0xF81F,0xF81F,0xF81F,0x1843,0x1843,0x1843,0x1843,0xF81F,0xF81F,0x1843,0x1843,0x1843,0x1843,0xF81F,0xF81F,0xF81F,0xF81F,0xF81F,0xF81F,0xF81F,
  0xF81F,0xF81F,0xF81F,0xF81F,0xF81F,0xF81F,0x1843,0x8900,0xF5EA,0xC240,0x0002,0x1843,0x1863,0x0002,0xA980,0xF5EA,0xC240,0x1843,0xF81F,0xF81F,0xF81F,0xF81F,0xF81F,0xF81F,
  0xF81F,0xF81F,0xF81F,0xF81F,0xF81F,0xF81F,0x1843,0xF5EA,0xC240,0xC240,0xC240,0x1863,0x1843,0xD280,0xF5EA,0xC240,0xC240,0x0002,0xF81F,0xF81F,0xF81F,0xF81F,0xF81F,0xF81F,
  0xF81F,0xF81F,0x1843,0x1843,0xF81F,0xF81F,0x1843,0xC240,0xC240,0xC240,0x8100,0x1843,0x1843,0xD280,0xC240,0xC240,0xD280,0x0002,0xF81F,0xF81F,0x1843,0x1843,0xF81F,0xF81F,
  0xF81F,0x1863,0x1843,0xD280,0x1843,0xF81F,0x1843,0xC240,0xC240,0xC240,0x8100,0x1863,0x1843,0x8100,0xC240,0xC240,0xD280,0x0002,0xF81F,0x1843,0xD280,0x4082,0x1843,0xF81F,
  0x1843,0xD280,0xF5EA,0xA980,0xC240,0xD280,0x1843,0x0002,0x0002,0x0002,0x1843,0x1843,0x1843,0x1843,0x0002,0x0002,0x0002,0x1863,0xD280,0xF5EA,0xA980,0xA980,0xC240,0x1843,
  0x1863,0xC240,0xF5EA,0xC240,0xC240,0x8100,0x1863,0x1843,0x1843,0x1843,0xF81F,0xF81F,0xF81F,0xF81F,0x1843,0x1843,0x1843,0x1863,0xC240,0xF5EA,0xC240,0xC240,0x8100,0x1843,
  0x1843,0x8100,0xC240,0xC240,0xC240,0x8900,0x1863,0x1843,0xF81F,0x1843,0x1863,0x1843,0x1843,0x1843,0x1843,0xF81F,0x1843,0x1863,0x8100,0xC240,0xC240,0xA980,0x8900,0x1843,
  0x1843,0x1843,0x8100,0xC240,0x8100,0x1863,0x1863,0x1843,0x1843,0xC240,0xC240,0xC240,0xC240,0xC240,0x8900,0x1843,0x1863,0x1843,0x1863,0x8100,0xC240,0x8900,0x1843,0x1843,
  0xF81F,0x1863,0x1843,0x1843,0x1843,0x1863,0x1843,0xC240,0xC240,0xF5EA,0xF5EA,0xF5EA,0xC240,0xC240,0xC240,0xC240,0x8900,0x1843,0x1843,0x1863,0x1863,0x1863,0x1863,0xF81F,
  0xF81F,0xF81F,0x1843,0x1843,0x1843,0x1843,0x0002,0xC240,0xF5EA,0xF5EA,0xC240,0xC240,0xC240,0xC240,0xC240,0xC240,0xD280,0x0002,0x1843,0x1843,0x1843,0x1843,0xF81F,0xF81F,
  0xF81F,0xF81F,0xF81F,0xF81F,0x1843,0xC240,0xD280,0xD280,0xD280,0xC240,0xC240,0xC240,0xC240,0xC240,0xC240,0xC240,0xC240,0xC240,0x8100,0x1843,0xF81F,0xF81F,0xF81F,0xF81F,
  0xF81F,0xF81F,0xF81F,0x1843,0x1863,0xC240,0xD280,0xC240,0xC240,0xC240,0xC240,0xC240,0xC240,0xC240,0xC240,0xC240,0xC240,0xC240,0x8900,0x1843,0x1863,0xF81F,0xF81F,0xF81F,
  0xF81F,0xF81F,0xF81F,0x1843,0x8900,0xC240,0xC240,0xC240,0xC240,0xC240,0xC240,0xC240,0xC240,0xC240,0xC240,0xC240,0xC240,0xC240,0x8900,0x8900,0x1863,0xF81F,0xF81F,0xF81F,
  0xF81F,0xF81F,0xF81F,0x1843,0x8900,0xC240,0xC240,0xC240,0xC240,0xC240,0xC240,0x8900,0x8900,0xC240,0xC240,0xC240,0xC240,0x8100,0x8900,0x8900,0x1863,0xF81F,0xF81F,0xF81F,
  0xF81F,0xF81F,0xF81F,0x1843,0x1843,0x8900,0xC240,0xC240,0xC240,0x8900,0x8900,0x8900,0x8900,0x8900,0x8900,0xC240,0xD280,0x8900,0x8900,0x1843,0x1843,0xF81F,0xF81F,0xF81F,
  0xF81F,0xF81F,0xF81F,0x1863,0x1863,0x1843,0x8900,0x8900,0x8900,0x8900,0x8900,0x1863,0x1863,0x8900,0x8900,0x8900,0x8900,0x8900,0x1843,0x1863,0x1843,0xF81F,0xF81F,0xF81F,
  0xF81F,0xF81F,0xF81F,0xF81F,0x0002,0x1863,0x1843,0xA980,0xA980,0x1843,0x1843,0x0002,0x0002,0x1843,0x1843,0xA980,0xA980,0x0002,0x1863,0x0002,0xF81F,0xF81F,0xF81F,0xF81F,
  0xF81F,0xF81F,0xF81F,0xF81F,0xF81F,0xF81F,0x1863,0x1843,0x1843,0x1843,0xF81F,0xF81F,0xF81F,0xF81F,0x1863,0x1843,0x1863,0x1843,0xF81F,0xF81F,0xF81F,0xF81F,0xF81F,0xF81F,
  0xF81F,0xF81F,0xF81F,0xF81F,0xF81F,0xF81F,0xF81F,0xF81F,0xF81F,0xF81F,0xF81F,0xF81F,0xF81F,0xF81F,0xF81F,0xF81F,0xF81F,0xF81F,0xF81F,0xF81F,0xF81F,0xF81F,0xF81F,0xF81F,
  0xF81F,0xF81F,0xF81F,0xF81F,0xF81F,0xF81F,0xF81F,0xF81F,0xF81F,0xF81F,0xF81F,0xF81F,0xF81F,0xF81F,0xF81F,0xF81F,0xF81F,0xF81F,0xF81F,0xF81F,0xF81F,0xF81F,0xF81F,0xF81F,
};

const uint16_t ICON_BONE[24*24] = {
  0xF81F,0xF81F,0xF81F,0xF81F,0xF81F,0xF81F,0xF81F,0xF81F,0xF81F,0xF81F,0xF81F,0xF81F,0xF81F,0xF81F,0xF81F,0xF81F,0xF81F,0xF81F,0xF81F,0xF81F,0xF81F,0xF81F,0xF81F,0xF81F,
  0xF81F,0xF81F,0xF81F,0xF81F,0xF81F,0xF81F,0xF81F,0xF81F,0xF81F,0xF81F,0xF81F,0xF81F,0xF81F,0xF81F,0xF81F,0xF81F,0xF81F,0xF81F,0xF81F,0xF81F,0xF81F,0xF81F,0xF81F,0xF81F,
  0xF81F,0xF81F,0xF81F,0xF81F,0xF81F,0xF81F,0xF81F,0xF81F,0xF81F,0xF81F,0xF81F,0xF81F,0xF81F,0xF81F,0xF81F,0xF81F,0xF81F,0xF81F,0xF81F,0xF81F,0xF81F,0xF81F,0xF81F,0xF81F,
  0xF81F,0xF81F,0xF81F,0xF81F,0xF81F,0xF81F,0xF81F,0xF81F,0xF81F,0xF81F,0xF81F,0xF81F,0xF81F,0xF81F,0xF81F,0xF81F,0xF81F,0xF81F,0xF81F,0xF81F,0xF81F,0xF81F,0xF81F,0xF81F,
  0xF81F,0xF81F,0xF81F,0xF81F,0xF81F,0xF81F,0xF81F,0xF81F,0xF81F,0xF81F,0xF81F,0xF81F,0xF81F,0xF81F,0xF81F,0xF81F,0xF81F,0xF81F,0xF81F,0xF81F,0xF81F,0xF81F,0xF81F,0xF81F,
  0xF81F,0xF81F,0xF81F,0xF81F,0xF81F,0xF81F,0xF81F,0xF81F,0xF81F,0xF81F,0xF81F,0xF81F,0xF81F,0xF81F,0xF81F,0xF81F,0xF81F,0xF81F,0xF81F,0xF81F,0xF81F,0xF81F,0xF81F,0xF81F,
  0xF81F,0xF81F,0x0024,0x0024,0x0024,0x0002,0xF81F,0xF81F,0xF81F,0xF81F,0xF81F,0xF81F,0xF81F,0xF81F,0xF81F,0xF81F,0xF81F,0xF81F,0xF81F,0x0024,0x0024,0x0024,0xF81F,0xF81F,
  0xF81F,0x0024,0xEF74,0xFFFF,0xFFFF,0x9D9C,0x0002,0xF81F,0xF81F,0xF81F,0xF81F,0xF81F,0xF81F,0xF81F,0xF81F,0xF81F,0xF81F,0x0002,0x0002,0xFFFF,0xFFFF,0x9D9C,0x0024,0xF81F,
  0x0024,0xEF74,0xFFFF,0xFFFF,0xFFFF,0xFFFF,0x0024,0xF81F,0xF81F,0xF81F,0xF81F,0xF81F,0xF81F,0xF81F,0xF81F,0xF81F,0xF81F,0x0024,0xFFFF,0xFFFF,0xFFFF,0xFFFF,0xFFFF,0x0024,
  0x0024,0xEF74,0xFFFF,0xFFFF,0xFFFF,0xFFFF,0xFFFF,0x0024,0x0024,0x0024,0x0024,0x0024,0x0004,0x0024,0x0024,0x0024,0x0024,0xFFFF,0xFFFF,0xFFFF,0xFFFF,0xFFFF,0xAE3E,0x0024,
  0x0024,0x9D9C,0xEF74,0xFFFF,0xFFFF,0xFFFF,0xFFFF,0xF81F,0xF81F,0xF81F,0xF81F,0xF81F,0xF81F,0xF81F,0xF81F,0xF81F,0xF81F,0xFFFF,0xFFFF,0xFFFF,0xFFFF,0xFFFF,0x9D9C,0x0024,
  0xF81F,0x0024,0x0024,0x9D9C,0xFFFF,0xFFFF,0xFFFF,0xF81F,0xF81F,0xF81F,0xF81F,0xF81F,0xF81F,0xF81F,0xF81F,0xF81F,0xF81F,0xFFFF,0xFFFF,0xFFFF,0xAE3E,0x0024,0x0024,0xF81F,
  0xF81F,0x0024,0xAE3E,0xFFFF,0xFFFF,0xFFFF,0xFFFF,0xF81F,0xF81F,0xF81F,0xF81F,0xF81F,0xF81F,0xF81F,0xF81F,0xF81F,0xF81F,0xFFFF,0xFFFF,0xFFFF,0xFFFF,0xAE3E,0x0024,0xF81F,
  0x0024,0xEF74,0xFFFF,0xFFFF,0xFFFF,0xFFFF,0xFFFF,0xAE3E,0xAE3E,0xAE3E,0xAE3E,0xAE3E,0xAE3E,0xAE3E,0xAE3E,0xAE3E,0xAE3E,0xFFFF,0xFFFF,0xFFFF,0xFFFF,0xFFFF,0xAE3E,0x0024,
  0x0024,0x9D9C,0xEF74,0xFFFF,0xFFFF,0xFFFF,0x0002,0x0024,0x0004,0x0024,0x0004,0x0004,0x0024,0x0024,0x0024,0x0024,0x0024,0x0002,0x9D9C,0xFFFF,0xFFFF,0x9D9C,0xAE3E,0x0024,
  0x0024,0x9D9C,0xAE3E,0xAE3E,0xAE3E,0xAE3E,0x0024,0xF81F,0xF81F,0xF81F,0xF81F,0xF81F,0xF81F,0xF81F,0xF81F,0xF81F,0xF81F,0x0004,0x9D9C,0xAE3E,0xAE3E,0xAE3E,0x9D9C,0x0024,
  0xF81F,0x0024,0x0024,0xAE3E,0xAE3E,0x0024,0xF81F,0xF81F,0xF81F,0xF81F,0xF81F,0xF81F,0xF81F,0xF81F,0xF81F,0xF81F,0xF81F,0xF81F,0x0024,0xAE3E,0xAE3E,0x0024,0x0024,0xF81F,
  0xF81F,0xF81F,0x0004,0x0024,0x0024,0x0002,0xF81F,0xF81F,0xF81F,0xF81F,0xF81F,0xF81F,0xF81F,0xF81F,0xF81F,0xF81F,0xF81F,0xF81F,0xF81F,0x0024,0x0024,0x0024,0xF81F,0xF81F,
  0xF81F,0xF81F,0xF81F,0xF81F,0xF81F,0xF81F,0xF81F,0xF81F,0xF81F,0xF81F,0xF81F,0xF81F,0xF81F,0xF81F,0xF81F,0xF81F,0xF81F,0xF81F,0xF81F,0xF81F,0xF81F,0xF81F,0xF81F,0xF81F,
  0xF81F,0xF81F,0xF81F,0xF81F,0xF81F,0xF81F,0xF81F,0xF81F,0xF81F,0xF81F,0xF81F,0xF81F,0xF81F,0xF81F,0xF81F,0xF81F,0xF81F,0xF81F,0xF81F,0xF81F,0xF81F,0xF81F,0xF81F,0xF81F,
  0xF81F,0xF81F,0xF81F,0xF81F,0xF81F,0xF81F,0xF81F,0xF81F,0xF81F,0xF81F,0xF81F,0xF81F,0xF81F,0xF81F,0xF81F,0xF81F,0xF81F,0xF81F,0xF81F,0xF81F,0xF81F,0xF81F,0xF81F,0xF81F,
  0xF81F,0xF81F,0xF81F,0xF81F,0xF81F,0xF81F,0xF81F,0xF81F,0xF81F,0xF81F,0xF81F,0xF81F,0xF81F,0xF81F,0xF81F,0xF81F,0xF81F,0xF81F,0xF81F,0xF81F,0xF81F,0xF81F,0xF81F,0xF81F,
  0xF81F,0xF81F,0xF81F,0xF81F,0xF81F,0xF81F,0xF81F,0xF81F,0xF81F,0xF81F,0xF81F,0xF81F,0xF81F,0xF81F,0xF81F,0xF81F,0xF81F,0xF81F,0xF81F,0xF81F,0xF81F,0xF81F,0xF81F,0xF81F,
  0xF81F,0xF81F,0xF81F,0xF81F,0xF81F,0xF81F,0xF81F,0xF81F,0xF81F,0xF81F,0xF81F,0xF81F,0xF81F,0xF81F,0xF81F,0xF81F,0xF81F,0xF81F,0xF81F,0xF81F,0xF81F,0xF81F,0xF81F,0xF81F,
};

const uint16_t ICON_TIMER[24*24] = {
  0xF81F,0xF81F,0xF81F,0xF81F,0xF81F,0xF81F,0xF81F,0xF81F,0xF81F,0x0000,0x0000,0x0000,0x0000,0x0000,0x0000,0xF81F,0xF81F,0xF81F,0xF81F,0xF81F,0xF81F,0xF81F,0xF81F,0xF81F,
  0xF81F,0xF81F,0xF81F,0xF81F,0xF81F,0xF81F,0xF81F,0xF81F,0x0000,0xEF7E,0xEF7E,0x4863,0x4863,0x4863,0x4863,0x0000,0xF81F,0xF81F,0xF81F,0xF81F,0xF81F,0xF81F,0xF81F,0xF81F,
  0xF81F,0xF81F,0xF81F,0xF81F,0x0000,0x0000,0xF81F,0xF81F,0x0000,0x0000,0x0000,0x0000,0x0000,0x0000,0x0000,0x0000,0xF81F,0xF81F,0x0000,0x0000,0xF81F,0xF81F,0xF81F,0xF81F,
  0xF81F,0xF81F,0xF81F,0x0000,0x9B29,0x0000,0xF81F,0xF81F,0xF81F,0x0000,0xAD57,0xF084,0xF084,0x7804,0x0000,0xF81F,0xF81F,0x0000,0x4863,0xEF7E,0x0000,0xF81F,0xF81F,0xF81F,
  0xF81F,0xF81F,0x0000,0xE8E3,0x9B29,0x0000,0x0000,0xB803,0xF084,0xEF7E,0xEF7E,0xF084,0xF084,0xE8E3,0x9B29,0xF084,0xD803,0x0000,0x4863,0x4863,0x0000,0x0000,0xF81F,0xF81F,
  0xF81F,0xF81F,0x0000,0x9004,0x0000,0x0000,0xD803,0xEF7E,0xEF7E,0xE003,0xE003,0xD803,0x9004,0xE8E3,0xE8E3,0xE003,0x9004,0x9004,0x0000,0x0000,0x4863,0x0000,0xF81F,0xF81F,
  0xF81F,0xF81F,0x0000,0x0000,0x0000,0x9004,0xEF7E,0xAD57,0xE8E3,0x9004,0x0000,0x0000,0x0000,0x0000,0x0000,0x9004,0xD803,0xD803,0x0000,0x0000,0x0000,0xF81F,0xF81F,0xF81F,
  0xF81F,0xF81F,0x0000,0x0000,0xD803,0xE8E3,0xE003,0x0000,0x0000,0xAD57,0xF81F,0x0000,0x0000,0xF81F,0xAD57,0x0000,0x0000,0x9004,0xD803,0x7804,0x0000,0x0000,0xF81F,0xF81F,
  0xF81F,0xF81F,0x0000,0x9004,0xEF7E,0xE8E3,0x0000,0xAD57,0xAD57,0xF81F,0xF81F,0x0000,0x0000,0xF81F,0xF81F,0xAD57,0xAD57,0x0000,0xD803,0xD803,0x7804,0x0000,0xF81F,0xF81F,
  0xF81F,0xF81F,0x0000,0xEF7E,0xD803,0xD803,0xAD57,0xF81F,0xF81F,0xF81F,0xF81F,0x0000,0x0000,0xF81F,0xF81F,0xF81F,0xF81F,0x4863,0x9004,0xD803,0xD803,0x4802,0xF81F,0xF81F,
  0xF81F,0xF81F,0x0000,0xE003,0xD803,0x0000,0xF81F,0xF81F,0xF81F,0xF81F,0xF81F,0x0000,0x0000,0xF81F,0xF81F,0xF81F,0xF81F,0xF81F,0x0000,0x9004,0xD803,0x4802,0xF81F,0xF81F,
  0xF81F,0x0000,0x9004,0xE8E3,0x0000,0xAD57,0xF81F,0xF81F,0xF81F,0xF81F,0xF81F,0x0000,0x0000,0xF81F,0xF81F,0xF81F,0xF81F,0xF81F,0xAD57,0x0000,0xD803,0xB803,0x0000,0xF81F,
  0xF81F,0x0000,0x9004,0xE8E3,0x0000,0xAD57,0xF81F,0xF81F,0xF81F,0xF81F,0xF81F,0x0000,0x0000,0xF81F,0xF81F,0xF81F,0xF81F,0xF81F,0xAD57,0x0000,0xD803,0xB803,0x0000,0xF81F,
  0xF81F,0x0000,0x9004,0xE003,0x0000,0x0000,0xF81F,0xF81F,0xF81F,0xF81F,0xF81F,0x0000,0x0000,0xE003,0xF81F,0xF81F,0xF81F,0xF81F,0x0000,0x0000,0xD803,0xB803,0x0000,0xF81F,
  0xF81F,0x0000,0x9004,0xD803,0x0000,0xAD57,0xF81F,0xF81F,0xF81F,0xF81F,0xF81F,0x0000,0x9004,0xE003,0xE003,0xF81F,0xF81F,0xF81F,0xAD57,0x0000,0xD803,0xB803,0x0000,0xF81F,
  0xF81F,0x0000,0x7804,0xD803,0x0000,0xAD57,0xF81F,0xF81F,0xF81F,0xF81F,0xF81F,0xF81F,0xF81F,0x0000,0x9004,0xE003,0xF81F,0xF81F,0xAD57,0x0000,0xD803,0x9004,0x0000,0xF81F,
  0xF81F,0x0000,0x7804,0xD803,0x0000,0x0000,0xF81F,0xF81F,0xF81F,0xF81F,0xF81F,0xF81F,0xF81F,0xF81F,0x0000,0xB803,0xE8E3,0xD803,0x0000,0xB803,0xD803,0x7804,0x0000,0xF81F,
  0xF81F,0xF81F,0x0000,0x9004,0xE8E3,0xD803,0x0000,0xF81F,0xF81F,0xF81F,0xF81F,0xF81F,0xF81F,0xF81F,0xF81F,0x0000,0x0000,0xD803,0xD803,0xE8E3,0xD803,0x0000,0xF81F,0xF81F,
  0xF81F,0xF81F,0x0000,0x7804,0xD803,0xE8E3,0x0000,0xF81F,0xF81F,0xF81F,0xF81F,0xF81F,0xF81F,0xF81F,0xF81F,0xAD57,0x4863,0x0000,0xE8E3,0xE8E3,0x7804,0x0000,0xF81F,0xF81F,
  0xF81F,0xF81F,0x0000,0x0000,0x7804,0x7804,0xE8E3,0x0000,0x0000,0x0000,0xF81F,0xF81F,0x0000,0xF81F,0x0000,0x0000,0x7804,0xE8E3,0x7804,0x7804,0x0000,0x0000,0xF81F,0xF81F,
  0xF81F,0xF81F,0xF81F,0x0000,0x0000,0x7804,0xD803,0xE8E3,0xE8E3,0x0000,0x0000,0x0000,0x0000,0x0000,0x0000,0xE8E3,0xE003,0x9004,0x7804,0x0000,0x0000,0xF81F,0xF81F,0xF81F,
  0xF81F,0xF81F,0xF81F,0xF81F,0x0000,0x0000,0x7804,0x9004,0xD803,0xE8E3,0xE8E3,0xE8E3,0xE8E3,0xE8E3,0xE8E3,0xD803,0x7804,0x7804,0x0000,0x0000,0xF81F,0xF81F,0xF81F,0xF81F,
  0xF81F,0xF81F,0xF81F,0xF81F,0xF81F,0x0000,0x0000,0x0000,0x7804,0x7804,0x7804,0x7804,0x7804,0x7804,0x7804,0x7804,0x0000,0x0000,0x0000,0xF81F,0xF81F,0xF81F,0xF81F,0xF81F,
  0xF81F,0xF81F,0xF81F,0xF81F,0xF81F,0xF81F,0xF81F,0x0000,0x0000,0x0000,0x0000,0x0000,0x0000,0x0000,0x0000,0x0000,0x0000,0xF81F,0xF81F,0xF81F,0xF81F,0xF81F,0xF81F,0xF81F,
};

const uint16_t ICON_SHIRT[24*24] = {
  0xF81F,0xF81F,0xF81F,0xF81F,0xF81F,0xF81F,0xF81F,0xF81F,0xF81F,0xF81F,0xF81F,0xF81F,0xF81F,0xF81F,0xF81F,0xF81F,0xF81F,0xF81F,0xF81F,0xF81F,0xF81F,0xF81F,0xF81F,0xF81F,
  0xF81F,0xF81F,0xF81F,0xF81F,0xF81F,0xF81F,0xF81F,0xF81F,0xF81F,0xF81F,0xF81F,0xF81F,0xF81F,0xF81F,0xF81F,0xF81F,0xF81F,0xF81F,0xF81F,0xF81F,0xF81F,0xF81F,0xF81F,0xF81F,
  0xF81F,0xF81F,0xF81F,0xF81F,0xF81F,0xF81F,0xF81F,0xF81F,0xF81F,0xF81F,0xF81F,0xF81F,0xF81F,0xF81F,0xF81F,0xF81F,0xF81F,0xF81F,0xF81F,0xF81F,0xF81F,0xF81F,0xF81F,0xF81F,
  0xF81F,0xF81F,0xF81F,0xF81F,0x0000,0x0000,0x0000,0x0000,0x0000,0x0000,0x0000,0x0000,0x0000,0x0000,0x0000,0x0000,0x0000,0x0000,0x0000,0x0000,0xF81F,0xF81F,0xF81F,0xF81F,
  0xF81F,0xF81F,0xF81F,0x0000,0x043F,0x043F,0x043F,0x0000,0x0114,0x0000,0x0000,0x0000,0x0000,0x0000,0x0000,0x0114,0x0000,0x043F,0x043F,0x043F,0x0000,0xF81F,0xF81F,0xF81F,
  0xF81F,0xF81F,0x0000,0x043F,0x043F,0x043F,0x043F,0x043F,0x0000,0x0114,0x0135,0x0135,0x0135,0x0135,0x0114,0x0000,0x043F,0x043F,0x043F,0x043F,0x043F,0x0000,0xF81F,0xF81F,
  0xF81F,0x0000,0x043F,0x043F,0x043F,0x043F,0x043F,0x043F,0x049F,0x0114,0x0114,0x0114,0x0114,0x0114,0x0135,0x043F,0x043F,0x043F,0x043F,0x043F,0x043F,0x043F,0x0000,0xF81F,
  0x0000,0x0114,0x043F,0x043F,0x043F,0x0135,0x043F,0x043F,0x043F,0x0000,0x0000,0x0000,0x0000,0x0000,0x0000,0x043F,0x043F,0x043F,0x0135,0x043F,0x043F,0x043F,0x0114,0x0000,
  0x0000,0x0114,0x043F,0x043F,0x043F,0x0114,0x043F,0x043F,0x043F,0x043F,0x043F,0x043F,0x043F,0x043F,0x043F,0x043F,0x043F,0x043F,0x0114,0x043F,0x043F,0x043F,0x0114,0x0000,
  0x0000,0x0114,0x0114,0x043F,0x0114,0x0114,0x043F,0x043F,0x043F,0x043F,0x043F,0x043F,0x043F,0x043F,0x043F,0x043F,0x043F,0x043F,0x0114,0x0114,0x043F,0x0114,0x0114,0x0000,
  0xF81F,0x0000,0x0114,0x0114,0x0114,0x0000,0x043F,0x043F,0x043F,0x043F,0x043F,0x043F,0x043F,0x043F,0x043F,0x043F,0x043F,0x043F,0x0000,0x0114,0x0114,0x0114,0x0000,0xF81F,
  0xF81F,0xF81F,0x0000,0x0114,0x0000,0x0000,0x0114,0x043F,0x043F,0x043F,0x043F,0x043F,0x043F,0x043F,0x043F,0x043F,0x043F,0x043F,0x0000,0x0000,0x0114,0x0000,0xF81F,0xF81F,
  0xF81F,0xF81F,0xF81F,0x0000,0x0000,0x0000,0x0114,0x043F,0x043F,0x043F,0x043F,0x043F,0x043F,0x043F,0x043F,0x043F,0x043F,0x043F,0x0000,0x0000,0x0000,0xF81F,0xF81F,0xF81F,
  0xF81F,0xF81F,0xF81F,0xF81F,0xF81F,0x0000,0x0114,0x00D2,0x043F,0x043F,0x043F,0x043F,0x043F,0x043F,0x043F,0x043F,0x043F,0x043F,0x0000,0xF81F,0xF81F,0xF81F,0xF81F,0xF81F,
  0xF81F,0xF81F,0xF81F,0xF81F,0xF81F,0x0000,0x0114,0x0114,0x043F,0x043F,0x043F,0x043F,0x043F,0x043F,0x043F,0x043F,0x043F,0x043F,0x0000,0xF81F,0xF81F,0xF81F,0xF81F,0xF81F,
  0xF81F,0xF81F,0xF81F,0xF81F,0xF81F,0x0000,0x0114,0x0114,0x0135,0x043F,0x043F,0x043F,0x043F,0x043F,0x043F,0x043F,0x043F,0x043F,0x0000,0xF81F,0xF81F,0xF81F,0xF81F,0xF81F,
  0xF81F,0xF81F,0xF81F,0xF81F,0xF81F,0x0000,0x0114,0x0114,0x0114,0x043F,0x043F,0x043F,0x043F,0x043F,0x043F,0x043F,0x043F,0x043F,0x0000,0xF81F,0xF81F,0xF81F,0xF81F,0xF81F,
  0xF81F,0xF81F,0xF81F,0xF81F,0xF81F,0x0000,0x0114,0x0114,0x0114,0x00D2,0x043F,0x043F,0x043F,0x043F,0x043F,0x043F,0x043F,0x043F,0x0000,0xF81F,0xF81F,0xF81F,0xF81F,0xF81F,
  0xF81F,0xF81F,0xF81F,0xF81F,0xF81F,0x0000,0x0114,0x0114,0x0114,0x0114,0x0114,0x0114,0x043F,0x043F,0x043F,0x043F,0x043F,0x043F,0x0000,0xF81F,0xF81F,0xF81F,0xF81F,0xF81F,
  0xF81F,0xF81F,0xF81F,0xF81F,0xF81F,0x0000,0x0000,0x0114,0x0114,0x0114,0x0114,0x0114,0x0114,0x0114,0x0114,0x0114,0x0114,0x0000,0x0000,0xF81F,0xF81F,0xF81F,0xF81F,0xF81F,
  0xF81F,0xF81F,0xF81F,0xF81F,0xF81F,0x0000,0x0000,0x0000,0x0000,0x0000,0x0000,0x0000,0x0000,0x0000,0x0000,0x0000,0x0000,0x0000,0x0000,0xF81F,0xF81F,0xF81F,0xF81F,0xF81F,
  0xF81F,0xF81F,0xF81F,0xF81F,0xF81F,0xF81F,0xF81F,0xF81F,0xF81F,0xF81F,0xF81F,0xF81F,0xF81F,0xF81F,0xF81F,0xF81F,0xF81F,0xF81F,0xF81F,0xF81F,0xF81F,0xF81F,0xF81F,0xF81F,
  0xF81F,0xF81F,0xF81F,0xF81F,0xF81F,0xF81F,0xF81F,0xF81F,0xF81F,0xF81F,0xF81F,0xF81F,0xF81F,0xF81F,0xF81F,0xF81F,0xF81F,0xF81F,0xF81F,0xF81F,0xF81F,0xF81F,0xF81F,0xF81F,
  0xF81F,0xF81F,0xF81F,0xF81F,0xF81F,0xF81F,0xF81F,0xF81F,0xF81F,0xF81F,0xF81F,0xF81F,0xF81F,0xF81F,0xF81F,0xF81F,0xF81F,0xF81F,0xF81F,0xF81F,0xF81F,0xF81F,0xF81F,0xF81F,
};

const uint16_t ICON_BOOK[24*24] = {
  0xF81F,0xF81F,0xF81F,0xF81F,0xF81F,0xF81F,0xF81F,0xF81F,0xF81F,0xF81F,0xF81F,0xF81F,0xF81F,0xF81F,0xF81F,0xF81F,0xF81F,0xF81F,0xF81F,0xF81F,0xF81F,0xF81F,0xF81F,0xF81F,
  0xF81F,0xF81F,0xF81F,0xF81F,0xF81F,0xF81F,0xF81F,0xF81F,0xF81F,0xF81F,0xF81F,0xF81F,0xF81F,0xF81F,0xF81F,0xF81F,0xF81F,0xF81F,0xF81F,0xF81F,0xF81F,0xF81F,0xF81F,0xF81F,
  0xF81F,0xF81F,0xF81F,0xF81F,0xF81F,0xF81F,0xF81F,0xF81F,0x0824,0x1045,0x1065,0x1065,0x1045,0x1045,0x1045,0x1065,0x1045,0x1065,0x1065,0x1065,0x1065,0xF81F,0xF81F,0xF81F,
  0xF81F,0xF81F,0xF81F,0xF81F,0xF81F,0xF81F,0xF81F,0x1065,0xE883,0xE883,0xE883,0xF083,0xF083,0xF083,0xE883,0xE883,0xF083,0xF083,0xE883,0xF083,0xF083,0x1045,0x1065,0xF81F,
  0xF81F,0xF81F,0xF81F,0xF81F,0xF81F,0xF81F,0x1045,0xB003,0xF083,0xE883,0xEE73,0xF083,0xF083,0xF083,0xE883,0xE883,0xF083,0xE883,0xF083,0xF083,0xF0A3,0x8003,0xC803,0x1065,
  0xF81F,0xF81F,0xF81F,0xF81F,0xF81F,0xF81F,0x1045,0xB003,0xF083,0xEE73,0xF083,0xF083,0xF083,0xF083,0xE883,0xF083,0xF083,0xF083,0xF083,0xE883,0xF0A3,0x8003,0xC803,0x1065,
  0xF81F,0xF81F,0xF81F,0xF81F,0x0824,0x1045,0xB003,0xE883,0xE883,0xF083,0xE883,0xF083,0xF083,0xE883,0xF083,0xF083,0xE883,0xF083,0xF083,0xE883,0xB003,0x1045,0x1045,0x1045,
  0xF81F,0xF81F,0xF81F,0x0824,0xE883,0x8003,0xE883,0xE883,0xF083,0xF083,0xF083,0xF083,0xF083,0xF083,0xE883,0xE883,0xF083,0xF083,0xF083,0xB003,0xF083,0x1045,0x1065,0xF81F,
  0xF81F,0xF81F,0xF81F,0x0824,0xF083,0x8003,0xE883,0xE883,0xF083,0xF083,0xF083,0xF083,0xE883,0xE883,0xF083,0xF083,0xF083,0xF083,0xE883,0xB003,0xF083,0x1045,0x1065,0xF81F,
  0xF81F,0xF81F,0x1045,0xB003,0xF0A3,0xE883,0xF083,0xF083,0xF083,0xF083,0xE883,0xF083,0xE883,0xE883,0xF083,0xF083,0xE883,0xE883,0xB003,0xB003,0x0824,0x0824,0x1045,0x1065,
  0xF81F,0x0824,0x8003,0xC803,0xF0A3,0xF083,0xF083,0xE883,0xF083,0xE883,0xE883,0xE883,0xF0A3,0xE883,0xF083,0xF083,0xE883,0xC803,0xB003,0x1045,0x1045,0x8003,0xB003,0x1045,
  0xF81F,0x1045,0xB003,0xE883,0xF083,0xE883,0xF083,0xE883,0xF083,0xE883,0xE883,0xF083,0xF083,0xF083,0xE883,0xE883,0xE883,0xB003,0xB003,0x1045,0xEE73,0x8003,0xB003,0x1065,
  0x1065,0x8003,0xF083,0xEE73,0xF0A3,0xE883,0xE883,0xE883,0xE883,0xE883,0xE883,0xE883,0xE883,0xFF98,0xFF98,0xB003,0xB003,0xB003,0x1045,0xDC28,0xFF98,0xE883,0x1045,0xF81F,
  0x1045,0xB003,0x1045,0xB003,0xB003,0xB003,0xB003,0xB003,0xB003,0xB003,0xB003,0xB003,0xB003,0xB003,0xB003,0xB003,0xB003,0x8003,0x1045,0xEE73,0xE883,0x1045,0x1065,0xF81F,
  0x1065,0x1065,0x1065,0x1045,0x1065,0x1045,0x1045,0x1065,0x1065,0x1045,0x1065,0x1065,0x1045,0x1065,0x1065,0x1045,0x1045,0x1045,0xFF98,0xEE73,0xF083,0x1065,0xF81F,0xF81F,
  0x1045,0xB003,0x1045,0xEE73,0xEE73,0xEE73,0xFF98,0xFF98,0xFF98,0xEE73,0xEE73,0xEE73,0xFF98,0xFF98,0xFF98,0xFF98,0xDC28,0xFF98,0xEE73,0xB003,0x1065,0x1065,0xF81F,0xF81F,
  0x1065,0xB003,0x1045,0xEE73,0x0824,0x1045,0x1065,0x1065,0x1045,0xEE73,0xEE73,0xEE73,0xEE73,0xEE73,0xEE73,0xEE73,0xDC28,0xEE73,0xB003,0xB003,0x1065,0xF81F,0xF81F,0xF81F,
  0x1045,0xB003,0x1045,0xEE73,0x1065,0x0824,0xDC28,0xDC28,0xC803,0xEE73,0xFF98,0xFF98,0xFF98,0xFF98,0xFF98,0xFF98,0xDC28,0xEE73,0xF0A3,0x1045,0xF81F,0xF81F,0xF81F,0xF81F,
  0x1045,0x1045,0xB003,0x8003,0x1045,0x0824,0xDC28,0xDC28,0xDC28,0x1065,0xB003,0xB003,0xB003,0xB003,0xB003,0xB003,0xF083,0xF0A3,0x1065,0x1045,0xF81F,0xF81F,0xF81F,0xF81F,
  0xF81F,0x1045,0x1065,0x1045,0x1045,0x0824,0xDC28,0xDC28,0xDC28,0x1065,0x1045,0x1045,0x1045,0x1045,0x1065,0x1065,0x1045,0x1045,0x1045,0xF81F,0xF81F,0xF81F,0xF81F,0xF81F,
  0xF81F,0xF81F,0xF81F,0xF81F,0x0824,0x0824,0xDC28,0x1045,0xDC28,0x1065,0xF81F,0xF81F,0xF81F,0xF81F,0xF81F,0xF81F,0xF81F,0xF81F,0xF81F,0xF81F,0xF81F,0xF81F,0xF81F,0xF81F,
  0xF81F,0xF81F,0xF81F,0xF81F,0x0824,0x1065,0x1065,0xF81F,0x1065,0x1065,0xF81F,0xF81F,0xF81F,0xF81F,0xF81F,0xF81F,0xF81F,0xF81F,0xF81F,0xF81F,0xF81F,0xF81F,0xF81F,0xF81F,
  0xF81F,0xF81F,0xF81F,0xF81F,0xF81F,0xF81F,0xF81F,0xF81F,0xF81F,0xF81F,0xF81F,0xF81F,0xF81F,0xF81F,0xF81F,0xF81F,0xF81F,0xF81F,0xF81F,0xF81F,0xF81F,0xF81F,0xF81F,0xF81F,
  0xF81F,0xF81F,0xF81F,0xF81F,0xF81F,0xF81F,0xF81F,0xF81F,0xF81F,0xF81F,0xF81F,0xF81F,0xF81F,0xF81F,0xF81F,0xF81F,0xF81F,0xF81F,0xF81F,0xF81F,0xF81F,0xF81F,0xF81F,0xF81F,
};

const uint16_t ICON_BED[24*24] = {
  0xF81F,0xF81F,0xF81F,0xF81F,0xF81F,0xF81F,0xF81F,0xF81F,0xF81F,0xF81F,0xF81F,0xF81F,0xF81F,0xF81F,0xF81F,0xF81F,0xF81F,0xF81F,0xF81F,0xF81F,0xF81F,0xF81F,0xF81F,0xF81F,
  0xF81F,0xF81F,0xF81F,0xF81F,0xF81F,0xF81F,0xF81F,0xF81F,0xF81F,0xF81F,0xF81F,0xF81F,0xF81F,0xF81F,0xF81F,0xF81F,0xF81F,0xF81F,0xF81F,0xF81F,0xF81F,0xF81F,0xF81F,0xF81F,
  0xF81F,0xF81F,0xF81F,0xF81F,0xF81F,0xF81F,0xF81F,0xF81F,0xF81F,0xF81F,0xF81F,0xF81F,0xF81F,0xF81F,0xF81F,0xF81F,0xF81F,0xF81F,0xF81F,0xF81F,0xF81F,0xF81F,0xF81F,0xF81F,
  0xF81F,0xF81F,0xF81F,0xF81F,0xF81F,0xF81F,0xF81F,0xF81F,0xF81F,0xF81F,0xF81F,0xF81F,0xF81F,0xF81F,0xF81F,0xF81F,0xF81F,0xF81F,0xF81F,0xF81F,0xF81F,0xF81F,0xF81F,0xF81F,
  0xF81F,0xF81F,0xF81F,0xF81F,0xF81F,0xF81F,0xF81F,0xF81F,0xF81F,0xF81F,0xF81F,0xF81F,0xF81F,0xF81F,0xF81F,0xF81F,0xF81F,0xF81F,0xF81F,0xF81F,0xF81F,0xF81F,0xF81F,0xF81F,
  0xF81F,0xF81F,0xF81F,0x8026,0xAB47,0x8026,0xF81F,0xF81F,0xF81F,0xF81F,0xF81F,0xF81F,0xF81F,0xF81F,0xF81F,0xF81F,0xF81F,0xF81F,0xF81F,0xF81F,0xF81F,0xF81F,0xF81F,0xF81F,
  0xF81F,0x0005,0xAB47,0xAB47,0x8026,0x8026,0xF81F,0xF81F,0xF81F,0xF81F,0xF81F,0xF81F,0xF81F,0xF81F,0xF81F,0xF81F,0xF81F,0xF81F,0xF81F,0xF81F,0xF81F,0xF81F,0xF81F,0xF81F,
  0x0005,0xFFDD,0x8026,0x8026,0x1805,0x0005,0x0005,0x0006,0x0005,0xF81F,0xF81F,0xF81F,0xF81F,0xF81F,0xF81F,0xF81F,0xF81F,0xF81F,0xF81F,0xF81F,0xF81F,0xF81F,0xF81F,0xF81F,
  0x0005,0xAB47,0x8026,0x0006,0xFFDD,0xFFDD,0xFFDD,0xFFDD,0xFFDD,0xA6DD,0x0006,0x0001,0x0001,0x0001,0x0001,0x0001,0x0001,0x0001,0x0001,0x0001,0x0001,0xF81F,0xF81F,0xF81F,
  0x0005,0xAB47,0x0005,0xFFDD,0xFFDD,0xFFDD,0xFFDD,0xFFDD,0xA6DD,0xA6DD,0x00F3,0xA6DD,0xA6DD,0xA6DD,0x01BC,0x053F,0x053F,0x053F,0x053F,0x053F,0x053F,0x04FF,0x00F3,0xF81F,
  0x0005,0xAB47,0x0005,0xA6DD,0xA6DD,0xA6DD,0xFFDD,0xA6DD,0x0006,0x04FF,0xA6DD,0xA6DD,0xA6DD,0x053F,0x053F,0x053F,0x053F,0x053F,0x053F,0x053F,0x053F,0x053F,0x01BC,0x0001,
  0x0005,0xAB47,0x0005,0x0006,0xA6DD,0xA6DD,0xA6DD,0x0006,0x04FF,0xA6DD,0xA6DD,0xA6DD,0x053F,0x053F,0x053F,0x053F,0x053F,0x053F,0x053F,0x053F,0x053F,0x01BC,0x01BC,0x0001,
  0x0006,0xAB47,0xA6DD,0xFFDD,0xFFDD,0xFFDD,0xFFDD,0xFFDD,0x053F,0xA6DD,0xA6DD,0x01BC,0x053F,0x053F,0x053F,0x053F,0x053F,0x053F,0x053F,0x04FF,0x01BC,0x01BC,0x01BC,0x0001,
  0x0005,0xAB47,0xA6DD,0xA6DD,0xA6DD,0xA6DD,0xA6DD,0x0006,0x053F,0x053F,0x053F,0x01BC,0x01BC,0x01BC,0x01BC,0x01BC,0x01BC,0x01BC,0x01BC,0x0006,0x01BC,0x01BC,0x0005,0x0006,
  0x0005,0xAB47,0x0006,0x00F3,0x00F3,0x00F3,0x00F3,0x0006,0x053F,0x053F,0x053F,0x00F3,0x01BC,0x01BC,0x01BC,0x01BC,0x01BC,0x01BC,0x01BC,0x0006,0x01BC,0x00F3,0x8026,0x0005,
  0x0005,0xAB47,0x9046,0x9046,0x9046,0xAB47,0xAB47,0x0006,0x053F,0x053F,0x053F,0x0005,0x0005,0x0005,0x01BC,0x01BC,0x01BC,0x01BC,0x01BC,0x0006,0x1805,0x8026,0x8026,0x0005,
  0x0005,0x9046,0x9046,0x9046,0x9046,0x9046,0x9046,0x9046,0x9046,0x9046,0x9046,0x9046,0x9046,0x9046,0x9046,0x9046,0x0006,0x00F3,0x0005,0x0005,0xAB47,0x0005,0x0005,0x0005,
  0x0005,0x9046,0x0005,0x0005,0x0005,0x0005,0x0005,0x0005,0x0005,0x0005,0x0005,0x0005,0x0005,0x0005,0x0005,0x0005,0x0005,0xAB47,0xAB47,0x0005,0x0005,0xF81F,0x0005,0xF81F,
  0x0005,0x0005,0x0005,0xF81F,0xF81F,0xF81F,0xF81F,0xF81F,0xF81F,0xF81F,0xF81F,0xF81F,0xF81F,0xF81F,0xF81F,0xF81F,0xF81F,0xAB47,0x8026,0x0005,0xF81F,0xF81F,0xF81F,0xF81F,
  0xF81F,0xF81F,0xF81F,0xF81F,0xF81F,0xF81F,0xF81F,0xF81F,0xF81F,0xF81F,0xF81F,0xF81F,0xF81F,0xF81F,0xF81F,0xF81F,0xF81F,0xF81F,0xF81F,0xF81F,0xF81F,0xF81F,0xF81F,0xF81F,
  0xF81F,0xF81F,0xF81F,0xF81F,0xF81F,0xF81F,0xF81F,0xF81F,0xF81F,0xF81F,0xF81F,0xF81F,0xF81F,0xF81F,0xF81F,0xF81F,0xF81F,0xF81F,0xF81F,0xF81F,0xF81F,0xF81F,0xF81F,0xF81F,
  0xF81F,0xF81F,0xF81F,0xF81F,0xF81F,0xF81F,0xF81F,0xF81F,0xF81F,0xF81F,0xF81F,0xF81F,0xF81F,0xF81F,0xF81F,0xF81F,0xF81F,0xF81F,0xF81F,0xF81F,0xF81F,0xF81F,0xF81F,0xF81F,
  0xF81F,0xF81F,0xF81F,0xF81F,0xF81F,0xF81F,0xF81F,0xF81F,0xF81F,0xF81F,0xF81F,0xF81F,0xF81F,0xF81F,0xF81F,0xF81F,0xF81F,0xF81F,0xF81F,0xF81F,0xF81F,0xF81F,0xF81F,0xF81F,
  0xF81F,0xF81F,0xF81F,0xF81F,0xF81F,0xF81F,0xF81F,0xF81F,0xF81F,0xF81F,0xF81F,0xF81F,0xF81F,0xF81F,0xF81F,0xF81F,0xF81F,0xF81F,0xF81F,0xF81F,0xF81F,0xF81F,0xF81F,0xF81F,
};

const uint16_t ICON_BROOM[24*24] = {
  0xF81F,0xF81F,0xF81F,0xF81F,0xF81F,0xF81F,0xF81F,0xF81F,0xF81F,0xF81F,0xF81F,0xF81F,0xF81F,0x0025,0x0025,0xF81F,0xF81F,0xF81F,0xF81F,0xF81F,0xF81F,0xF81F,0xF81F,0xF81F,
  0xF81F,0xF81F,0xF81F,0xF81F,0xF81F,0xF81F,0xF81F,0xF81F,0xF81F,0xF81F,0xF81F,0xF81F,0xF81F,0x5124,0x5124,0x0825,0xF81F,0xF81F,0xF81F,0xF81F,0xF81F,0xF81F,0xF81F,0xF81F,
  0xF81F,0xF81F,0xF81F,0xF81F,0xF81F,0xF81F,0xF81F,0xF81F,0xF81F,0xF81F,0xF81F,0xF81F,0xF81F,0x5124,0x0825,0x0825,0xF81F,0xF81F,0xF81F,0xF81F,0xF81F,0xF81F,0xF81F,0xF81F,
  0xF81F,0xF81F,0xF81F,0xF81F,0xF81F,0xF81F,0xF81F,0xF81F,0xF81F,0xF81F,0xF81F,0xF81F,0xF81F,0xEC00,0x5124,0xF81F,0xF81F,0xF81F,0xF81F,0xF81F,0xF81F,0xF81F,0xF81F,0xF81F,
  0xF81F,0xF81F,0xF81F,0xF81F,0xF81F,0xF81F,0xF81F,0xF81F,0xF81F,0xF81F,0xF81F,0xF81F,0x0025,0xDB60,0x5124,0xF81F,0xF81F,0xF81F,0xF81F,0xF81F,0xF81F,0xF81F,0xF81F,0xF81F,
  0xF81F,0xF81F,0xF81F,0xF81F,0xF81F,0xF81F,0xF81F,0xF81F,0xF81F,0xF81F,0xF81F,0xF81F,0x0825,0xBA81,0x0825,0xF81F,0xF81F,0xF81F,0xF81F,0xF81F,0xF81F,0xF81F,0xF81F,0xF81F,
  0xF81F,0xF81F,0xF81F,0xF81F,0xF81F,0xF81F,0xF81F,0xF81F,0xF81F,0xF81F,0xF81F,0xF81F,0x0025,0x91A3,0x0825,0xF81F,0xF81F,0xF81F,0xF81F,0xF81F,0xF81F,0xF81F,0xF81F,0xF81F,
  0xF81F,0xF81F,0xF81F,0xF81F,0xF81F,0xF81F,0xF81F,0xF81F,0xF81F,0xF81F,0xF81F,0x0045,0x5124,0x5124,0x0825,0xF81F,0xF81F,0xF81F,0xF81F,0xF81F,0xF81F,0xF81F,0xF81F,0xF81F,
  0xF81F,0xF81F,0xF81F,0xF81F,0xF81F,0xF81F,0xF81F,0xF81F,0xF81F,0xF81F,0xF81F,0x0045,0xBA81,0x5124,0xF81F,0xF81F,0xF81F,0xF81F,0xF81F,0xF81F,0xF81F,0xF81F,0xF81F,0xF81F,
  0xF81F,0xF81F,0xF81F,0xF81F,0xF81F,0xF81F,0xF81F,0xF81F,0xF81F,0xF81F,0xF81F,0x0825,0xBA81,0x5124,0xF81F,0xF81F,0xF81F,0xF81F,0xF81F,0xF81F,0xF81F,0xF81F,0xF81F,0xF81F,
  0xF81F,0xF81F,0xF81F,0xF81F,0xF81F,0xF81F,0xF81F,0xF81F,0xF81F,0xF81F,0xF81F,0x0825,0xDB60,0x0045,0xF81F,0xF81F,0xF81F,0xF81F,0xF81F,0xF81F,0xF81F,0xF81F,0xF81F,0xF81F,
  0xF81F,0xF81F,0xF81F,0xF81F,0xF81F,0xF81F,0xF81F,0xF81F,0xF81F,0xF81F,0xF81F,0x5124,0xBA81,0x0045,0xF81F,0xF81F,0xF81F,0xF81F,0xF81F,0xF81F,0xF81F,0xF81F,0xF81F,0xF81F,
  0xF81F,0xF81F,0xF81F,0xF81F,0xF81F,0xF81F,0xF81F,0xF81F,0xF81F,0xF81F,0x0025,0xEC00,0xDB60,0x5124,0x0025,0xF81F,0xF81F,0xF81F,0xF81F,0xF81F,0xF81F,0xF81F,0xF81F,0xF81F,
  0xF81F,0xF81F,0xF81F,0xF81F,0xF81F,0xF81F,0xF81F,0xF81F,0xF81F,0xF81F,0x0825,0xDB60,0x91A3,0x5124,0x0825,0xF81F,0xF81F,0xF81F,0xF81F,0xF81F,0xF81F,0xF81F,0xF81F,0xF81F,
  0xF81F,0xF81F,0xF81F,0xF81F,0xF81F,0xF81F,0xF81F,0xF81F,0xF81F,0xF81F,0x0025,0xBA81,0xBA81,0x5124,0x0825,0xF81F,0xF81F,0xF81F,0xF81F,0xF81F,0xF81F,0xF81F,0xF81F,0xF81F,
  0xF81F,0xF81F,0xF81F,0xF81F,0xF81F,0xF81F,0xF81F,0xF81F,0x0825,0xEC00,0x91A3,0xEC80,0x91A3,0xDB60,0xFD60,0x5124,0xF81F,0xF81F,0xF81F,0xF81F,0xF81F,0xF81F,0xF81F,0xF81F,
  0xF81F,0xF81F,0xF81F,0xF81F,0xF81F,0xF81F,0xF81F,0xF81F,0x91A3,0xFD60,0xEC00,0xFD60,0xEC00,0xFD60,0xFEA0,0xEC80,0x0825,0xF81F,0xF81F,0xF81F,0xF81F,0xF81F,0xF81F,0xF81F,
  0xF81F,0xF81F,0xF81F,0xF81F,0xF81F,0xF81F,0xF81F,0x0825,0xFEE0,0xFD60,0xFF63,0xFF63,0xFEE0,0xFF63,0xEC00,0xFEE0,0xEC00,0xF81F,0xF81F,0xF81F,0xF81F,0xF81F,0xF81F,0xF81F,
  0xF81F,0xF81F,0xF81F,0xF81F,0xF81F,0xF81F,0xF81F,0x91A3,0xFEE0,0xFEA0,0xFEE0,0xFF63,0xFEE0,0xFF63,0xEC80,0xFEE0,0xEC00,0xF81F,0xF81F,0xF81F,0xF81F,0xF81F,0xF81F,0xF81F,
  0xF81F,0xF81F,0xF81F,0xF81F,0xF81F,0xF81F,0x0025,0xFEA0,0xFEE0,0xFEE0,0xEC80,0xFEE0,0xFEE0,0xFEE0,0xEC00,0xEC80,0xFEA0,0x0825,0xF81F,0xF81F,0xF81F,0xF81F,0xF81F,0xF81F,
  0xF81F,0xF81F,0xF81F,0xF81F,0xF81F,0xF81F,0x0825,0xFEA0,0xFEE0,0xFEE0,0xFEE0,0xFEE0,0xDB60,0xFEE0,0xFD60,0xEC80,0xFEA0,0x0825,0xF81F,0xF81F,0xF81F,0xF81F,0xF81F,0xF81F,
  0xF81F,0xF81F,0xF81F,0xF81F,0xF81F,0x0004,0xBA81,0xBA81,0xFEA0,0xEC80,0xFEA0,0xFEE0,0xBA81,0xEC80,0xEC00,0xFD60,0xEC00,0x91A3,0x0004,0xF81F,0xF81F,0xF81F,0xF81F,0xF81F,
  0xF81F,0xF81F,0xF81F,0xF81F,0xF81F,0xF81F,0x0825,0x0825,0xDB60,0x91A3,0xDB60,0xEC00,0x0025,0xDB60,0x0825,0xBA81,0x1045,0x0025,0xF81F,0xF81F,0xF81F,0xF81F,0xF81F,0xF81F,
  0xF81F,0xF81F,0xF81F,0xF81F,0xF81F,0xF81F,0xF81F,0x0004,0x0004,0x0825,0x0025,0x0025,0x0025,0x0025,0x0025,0x0045,0x0004,0xF81F,0xF81F,0xF81F,0xF81F,0xF81F,0xF81F,0xF81F,
};

const uint16_t ICON_SHOE[24*24] = {
  0xF81F,0xF81F,0xF81F,0xF81F,0xF81F,0xF81F,0xF81F,0xF81F,0xF81F,0xF81F,0xF81F,0xF81F,0xF81F,0xF81F,0xF81F,0xF81F,0xF81F,0xF81F,0xF81F,0xF81F,0xF81F,0xF81F,0xF81F,0xF81F,
  0xF81F,0xF81F,0xF81F,0xF81F,0xF81F,0xF81F,0xF81F,0xF81F,0xF81F,0xF81F,0xF81F,0xF81F,0xF81F,0xF81F,0xF81F,0xF81F,0xF81F,0xF81F,0xF81F,0xF81F,0xF81F,0xF81F,0xF81F,0xF81F,
  0xF81F,0xF81F,0xF81F,0xF81F,0xF81F,0xF81F,0xF81F,0xF81F,0xF81F,0xF81F,0xF81F,0xF81F,0xF81F,0xF81F,0xF81F,0xF81F,0xF81F,0xF81F,0xF81F,0xF81F,0xF81F,0xF81F,0xF81F,0xF81F,
  0xF81F,0xF81F,0xF81F,0xF81F,0xF81F,0xF81F,0xF81F,0xF81F,0xF81F,0xF81F,0xF81F,0xF81F,0xF81F,0xF81F,0xF81F,0xF81F,0xF81F,0xF81F,0xF81F,0xF81F,0xF81F,0xF81F,0xF81F,0xF81F,
  0xF81F,0xF81F,0xF81F,0xF81F,0xF81F,0xF81F,0xF81F,0xF81F,0xF81F,0xF81F,0xF81F,0xF81F,0xF81F,0xF81F,0xF81F,0xF81F,0xF81F,0xF81F,0xF81F,0xF81F,0xF81F,0xF81F,0xF81F,0xF81F,
  0xF81F,0xF81F,0xF81F,0xF81F,0xF81F,0xF81F,0xF81F,0xF81F,0xF81F,0xF81F,0xF81F,0xF81F,0xF81F,0xF81F,0xF81F,0xF81F,0xF81F,0xF81F,0xF81F,0xF81F,0xF81F,0xF81F,0xF81F,0xF81F,
  0xF81F,0xF81F,0xF81F,0xF81F,0xF81F,0xF81F,0xF81F,0xF81F,0xF81F,0xF81F,0xF81F,0xF81F,0x0000,0xF0C4,0xF0C4,0xD843,0x0000,0xF81F,0xF81F,0xF81F,0xF81F,0xF81F,0xF81F,0xF81F,
  0xF81F,0xF81F,0xF81F,0xF81F,0xF81F,0xF81F,0xF81F,0xF81F,0xF81F,0xF81F,0xF81F,0xF81F,0x0000,0x7801,0xF0C4,0xC842,0x0000,0xF81F,0xF81F,0x0000,0x0000,0x0000,0xF81F,0xF81F,
  0xF81F,0xF81F,0xF81F,0xF81F,0xF81F,0xF81F,0xF81F,0xF81F,0xF81F,0xF81F,0xF81F,0x0020,0xF81F,0x0000,0x3000,0xD843,0x0000,0x0000,0x0000,0x0000,0xF8C4,0x7801,0xF81F,0xF81F,
  0xF81F,0xF81F,0xF81F,0xF81F,0xF81F,0xF81F,0xF81F,0xF81F,0xF81F,0x0821,0x0000,0xF8C4,0xF81F,0xF81F,0x0821,0x0000,0x0000,0x0000,0x0000,0xF8C4,0xC042,0x7801,0xF81F,0xF81F,
  0xF81F,0xF81F,0xF81F,0xF81F,0xF81F,0xF81F,0xF81F,0x0020,0xF81F,0xC042,0x0000,0xF81F,0x0000,0x0000,0xF8C4,0x7801,0xF8C4,0xA802,0xA802,0xC042,0xF81F,0x7801,0xF81F,0xF81F,
  0xF81F,0xF81F,0xF81F,0xF81F,0xF81F,0x0020,0x0000,0xC042,0xC042,0xF81F,0x0000,0x0000,0xF0C4,0xF8C4,0x7801,0xF8C4,0xF8C4,0xC842,0xC042,0xF81F,0xF81F,0xC042,0x0000,0xF81F,
  0xF81F,0x0000,0xF81F,0xF81F,0xF81F,0x0000,0x3000,0xF81F,0xF8C4,0x3000,0xC842,0xC842,0xC842,0xC842,0xC842,0xC042,0xD843,0x7801,0xF8C4,0xC842,0xF8C4,0xF8C4,0x0020,0xF81F,
  0x0020,0x0000,0xF81F,0xF81F,0xF81F,0xF8C4,0xF0C4,0xC042,0xD843,0xC842,0x7801,0x7801,0xC842,0xC842,0xC842,0xD843,0x3000,0xC842,0xC042,0xC842,0xC842,0x7801,0x0000,0xF81F,
  0x0020,0xF81F,0x0000,0xF81F,0xF81F,0x3000,0xF8C4,0xF8C4,0xC842,0xC042,0xF8C4,0xF8C4,0xA802,0xA802,0xA802,0x7801,0x0000,0x0000,0x0020,0x0000,0x0020,0x0000,0xF81F,0x0020,
  0x0020,0xF81F,0xF81F,0xF81F,0xF81F,0xF81F,0xF81F,0xF81F,0xF81F,0xF81F,0xF81F,0xF81F,0xF81F,0xF81F,0xF81F,0xF81F,0xF81F,0xF81F,0xF81F,0xF81F,0xF81F,0xF81F,0xF81F,0x0000,
  0xF81F,0x0000,0x0020,0xF81F,0xF81F,0xF81F,0xF81F,0x0020,0x0020,0x0000,0x0000,0x0020,0x0000,0x0000,0x0020,0x0020,0x0020,0x0020,0x0020,0x0000,0x0000,0x0020,0x0020,0x0020,
  0xF81F,0xF81F,0x0000,0x0000,0x0000,0x0000,0x0000,0x0020,0x0821,0x0821,0xF81F,0xF81F,0x0821,0x0821,0x0821,0x0821,0x0000,0xF81F,0xF81F,0xF81F,0xF81F,0x0821,0x0000,0xF81F,
  0xF81F,0xF81F,0xF81F,0xF81F,0xF81F,0xF81F,0xF81F,0xF81F,0xF81F,0xF81F,0xF81F,0xF81F,0xF81F,0xF81F,0xF81F,0xF81F,0xF81F,0xF81F,0xF81F,0xF81F,0xF81F,0xF81F,0xF81F,0xF81F,
  0xF81F,0xF81F,0xF81F,0xF81F,0xF81F,0xF81F,0xF81F,0xF81F,0xF81F,0xF81F,0xF81F,0xF81F,0xF81F,0xF81F,0xF81F,0xF81F,0xF81F,0xF81F,0xF81F,0xF81F,0xF81F,0xF81F,0xF81F,0xF81F,
  0xF81F,0xF81F,0xF81F,0xF81F,0xF81F,0xF81F,0xF81F,0xF81F,0xF81F,0xF81F,0xF81F,0xF81F,0xF81F,0xF81F,0xF81F,0xF81F,0xF81F,0xF81F,0xF81F,0xF81F,0xF81F,0xF81F,0xF81F,0xF81F,
  0xF81F,0xF81F,0xF81F,0xF81F,0xF81F,0xF81F,0xF81F,0xF81F,0xF81F,0xF81F,0xF81F,0xF81F,0xF81F,0xF81F,0xF81F,0xF81F,0xF81F,0xF81F,0xF81F,0xF81F,0xF81F,0xF81F,0xF81F,0xF81F,
  0xF81F,0xF81F,0xF81F,0xF81F,0xF81F,0xF81F,0xF81F,0xF81F,0xF81F,0xF81F,0xF81F,0xF81F,0xF81F,0xF81F,0xF81F,0xF81F,0xF81F,0xF81F,0xF81F,0xF81F,0xF81F,0xF81F,0xF81F,0xF81F,
  0xF81F,0xF81F,0xF81F,0xF81F,0xF81F,0xF81F,0xF81F,0xF81F,0xF81F,0xF81F,0xF81F,0xF81F,0xF81F,0xF81F,0xF81F,0xF81F,0xF81F,0xF81F,0xF81F,0xF81F,0xF81F,0xF81F,0xF81F,0xF81F,
};

const uint16_t ICON_PLATE[24*24] = {
  0xF81F,0xF81F,0xF81F,0xF81F,0xF81F,0xF81F,0xF81F,0xF81F,0xF81F,0xF81F,0xF81F,0xF81F,0xF81F,0xF81F,0xF81F,0xF81F,0xF81F,0xF81F,0xF81F,0xF81F,0xF81F,0xF81F,0xF81F,0xF81F,
  0xF81F,0xF81F,0xF81F,0xF81F,0xF81F,0xF81F,0xF81F,0xF81F,0xF81F,0xF81F,0xF81F,0xF81F,0xF81F,0xF81F,0xF81F,0xF81F,0xF81F,0xF81F,0xF81F,0xF81F,0xF81F,0xF81F,0xF81F,0xF81F,
  0xF81F,0xF81F,0xF81F,0xF81F,0xF81F,0xF81F,0xF81F,0xF81F,0xF81F,0xF81F,0xF81F,0xF81F,0xF81F,0xF81F,0xF81F,0xF81F,0xF81F,0xF81F,0xF81F,0xF81F,0xF81F,0xF81F,0xF81F,0xF81F,
  0xF81F,0xF81F,0xF81F,0xF81F,0xF81F,0xF81F,0xF81F,0xF81F,0x0004,0x0004,0x0004,0x0004,0x0004,0x0004,0x0004,0xF81F,0xF81F,0xF81F,0xF81F,0xF81F,0xF81F,0xF81F,0xF81F,0xF81F,
  0xF81F,0xF81F,0xF81F,0xF81F,0xF81F,0xF81F,0x0004,0x0004,0x4398,0x4BD9,0xF81F,0xF81F,0xF81F,0xF81F,0xF81F,0x0004,0x0004,0x0004,0xF81F,0xF81F,0xF81F,0xF81F,0xF81F,0xF81F,
  0xF81F,0xF81F,0xF81F,0xF81F,0x0004,0x4BD9,0xF81F,0xF81F,0xF81F,0xF81F,0xF81F,0xF81F,0xF81F,0xF81F,0xF81F,0xF81F,0xF81F,0xF81F,0x4BD9,0x0004,0xF81F,0xF81F,0xF81F,0xF81F,
  0xF81F,0xF81F,0xF81F,0x0002,0xF81F,0xF81F,0xF81F,0xF81F,0xF81F,0x0002,0x0002,0x0000,0x0000,0x0000,0xD75D,0xF81F,0xF81F,0xF81F,0xF81F,0xF81F,0x0002,0xF81F,0xF81F,0xF81F,
  0xF81F,0x0004,0x4BD9,0xF81F,0xF81F,0xF81F,0x0004,0x0004,0x6CBB,0xF81F,0xD75D,0x0000,0x0000,0x0000,0xF81F,0xF81F,0x4BD9,0x0004,0xF81F,0xF81F,0xF81F,0x4BD9,0x0004,0xF81F,
  0xF81F,0x4398,0xF81F,0xF81F,0xF81F,0x0002,0x4398,0xF81F,0xF81F,0x0000,0xD75D,0xD75D,0xFC60,0xFC60,0xFC60,0xF81F,0xF81F,0x6CBB,0x0000,0xF81F,0xF81F,0xF81F,0x4BD9,0xF81F,
  0x0004,0xF81F,0xF81F,0xF81F,0x0004,0x4BD9,0xF81F,0xF81F,0x0000,0xFC60,0xD75D,0xD75D,0xFC60,0xFC60,0xFC60,0x0000,0xF81F,0xF81F,0x4BD9,0x0023,0xF81F,0xF81F,0xF81F,0x0004,
  0x0004,0xF81F,0xF81F,0xF81F,0x0004,0xD75D,0xF81F,0xF81F,0x0000,0xFC60,0xD75D,0xFC60,0xFC60,0xFC60,0xFC60,0x0000,0xF81F,0xF81F,0xD75D,0x0004,0xF81F,0xF81F,0xF81F,0x0004,
  0x0004,0xF81F,0xF81F,0xF81F,0x0004,0x7D7C,0xF81F,0xF81F,0x4BD9,0x0000,0xFC60,0xFC60,0xFC60,0xFC60,0xFC60,0x4BD9,0xF81F,0xF81F,0x7D7C,0x0003,0xF81F,0xF81F,0xF81F,0x0004,
  0x0004,0xF81F,0xF81F,0xF81F,0x7D7C,0x0003,0xF81F,0xF81F,0xF81F,0xF81F,0x4398,0x0000,0x0000,0x4BD9,0x4BD9,0xF81F,0xF81F,0x7D7C,0x0003,0x7D7C,0xF81F,0xF81F,0xF81F,0x0004,
  0x0004,0xF81F,0xF81F,0xF81F,0x7D7C,0x0004,0x4398,0x4BD9,0xF81F,0xF81F,0xF81F,0x7D7C,0x7D7C,0xF81F,0xF81F,0xF81F,0x7D7C,0x7D7C,0x4BD9,0xF81F,0xF81F,0xF81F,0xF81F,0x0004,
  0x0002,0x4398,0xF81F,0xF81F,0xF81F,0x7D7C,0x0003,0x0003,0xF81F,0xF81F,0xF81F,0xF81F,0xF81F,0xF81F,0x7D7C,0x7D7C,0x0004,0x0023,0xF81F,0xF81F,0xF81F,0xF81F,0x4BD9,0x0002,
  0xF81F,0x0004,0x4BD9,0xF81F,0xF81F,0xF81F,0x7D7C,0x7D7C,0x0004,0x4BD9,0x7D7C,0x7D7C,0x4BD9,0x0004,0x0004,0x7D7C,0x7D7C,0xF81F,0xF81F,0xF81F,0xF81F,0x4BD9,0x0004,0xF81F,
  0xF81F,0x0004,0x0004,0x0000,0xF81F,0xF81F,0xF81F,0xF81F,0xF81F,0xF81F,0xD75D,0xD75D,0xD75D,0xD75D,0xF81F,0xF81F,0xF81F,0xF81F,0xF81F,0xF81F,0x0003,0x0004,0x0004,0xF81F,
  0xF81F,0xF81F,0xF81F,0x0004,0x4398,0xF81F,0xF81F,0xF81F,0xF81F,0xF81F,0xF81F,0xF81F,0xF81F,0xF81F,0xF81F,0xF81F,0xF81F,0xF81F,0xF81F,0x4398,0x0004,0xF81F,0xF81F,0xF81F,
  0xF81F,0xF81F,0xF81F,0xF81F,0x0004,0x0004,0x4398,0x4BD9,0xF81F,0xF81F,0xF81F,0xF81F,0xF81F,0xF81F,0xF81F,0xF81F,0x4BD9,0x4BD9,0x0004,0x0004,0xF81F,0xF81F,0xF81F,0xF81F,
  0xF81F,0xF81F,0xF81F,0xF81F,0xF81F,0xF81F,0x0004,0x0004,0x0023,0x0023,0x0002,0x0003,0x0002,0x0002,0x0002,0x0004,0x0004,0x0004,0xF81F,0xF81F,0xF81F,0xF81F,0xF81F,0xF81F,
  0xF81F,0xF81F,0xF81F,0xF81F,0xF81F,0xF81F,0xF81F,0xF81F,0x0004,0x0004,0x0004,0x0004,0x0004,0x0004,0x0004,0x0004,0xF81F,0xF81F,0xF81F,0xF81F,0xF81F,0xF81F,0xF81F,0xF81F,
  0xF81F,0xF81F,0xF81F,0xF81F,0xF81F,0xF81F,0xF81F,0xF81F,0xF81F,0xF81F,0xF81F,0xF81F,0xF81F,0xF81F,0xF81F,0xF81F,0xF81F,0xF81F,0xF81F,0xF81F,0xF81F,0xF81F,0xF81F,0xF81F,
  0xF81F,0xF81F,0xF81F,0xF81F,0xF81F,0xF81F,0xF81F,0xF81F,0xF81F,0xF81F,0xF81F,0xF81F,0xF81F,0xF81F,0xF81F,0xF81F,0xF81F,0xF81F,0xF81F,0xF81F,0xF81F,0xF81F,0xF81F,0xF81F,
  0xF81F,0xF81F,0xF81F,0xF81F,0xF81F,0xF81F,0xF81F,0xF81F,0xF81F,0xF81F,0xF81F,0xF81F,0xF81F,0xF81F,0xF81F,0xF81F,0xF81F,0xF81F,0xF81F,0xF81F,0xF81F,0xF81F,0xF81F,0xF81F,
};

const uint16_t ICON_WATER[24*24] = {
  0xF81F,0xF81F,0xF81F,0xF81F,0xF81F,0xF81F,0xF81F,0xF81F,0xF81F,0xF81F,0xF81F,0x004A,0x004A,0xF81F,0xF81F,0xF81F,0xF81F,0xF81F,0xF81F,0xF81F,0xF81F,0xF81F,0xF81F,0xF81F,
  0xF81F,0xF81F,0xF81F,0xF81F,0xF81F,0xF81F,0xF81F,0xF81F,0xF81F,0xF81F,0x004A,0x047F,0x043F,0x004A,0xF81F,0xF81F,0xF81F,0xF81F,0xF81F,0xF81F,0xF81F,0xF81F,0xF81F,0xF81F,
  0xF81F,0xF81F,0xF81F,0xF81F,0xF81F,0xF81F,0xF81F,0xF81F,0xF81F,0xF81F,0x004A,0x05BF,0x047F,0x004A,0xF81F,0xF81F,0xF81F,0xF81F,0xF81F,0xF81F,0xF81F,0xF81F,0xF81F,0xF81F,
  0xF81F,0xF81F,0xF81F,0xF81F,0xF81F,0xF81F,0xF81F,0xF81F,0xF81F,0x004A,0x043F,0x05BF,0x05DF,0x019A,0x004A,0xF81F,0xF81F,0xF81F,0xF81F,0xF81F,0xF81F,0xF81F,0xF81F,0xF81F,
  0xF81F,0xF81F,0xF81F,0xF81F,0xF81F,0xF81F,0xF81F,0xF81F,0x004A,0x01BA,0x043F,0xF81F,0x05DF,0x041F,0x01BA,0x004A,0xF81F,0xF81F,0xF81F,0xF81F,0xF81F,0xF81F,0xF81F,0xF81F,
  0xF81F,0xF81F,0xF81F,0xF81F,0xF81F,0xF81F,0xF81F,0xF81F,0x004A,0x043F,0xF81F,0xF81F,0x05BF,0x043F,0x01BA,0x004A,0xF81F,0xF81F,0xF81F,0xF81F,0xF81F,0xF81F,0xF81F,0xF81F,
  0xF81F,0xF81F,0xF81F,0xF81F,0xF81F,0xF81F,0xF81F,0x004A,0x043F,0x043F,0xF81F,0x05DF,0x05DF,0x043F,0x041F,0x019A,0x004A,0xF81F,0xF81F,0xF81F,0xF81F,0xF81F,0xF81F,0xF81F,
  0xF81F,0xF81F,0xF81F,0xF81F,0xF81F,0xF81F,0x004A,0x01BA,0x043F,0xF81F,0xF81F,0x05BF,0x05DF,0x05BF,0x043F,0x043F,0x01BA,0x004A,0xF81F,0xF81F,0xF81F,0xF81F,0xF81F,0xF81F,
  0xF81F,0xF81F,0xF81F,0xF81F,0xF81F,0x004A,0x01BA,0x047F,0xF81F,0xF81F,0xF81F,0x05DF,0x05DF,0x05DF,0x043F,0x041F,0x01BA,0x01BA,0x004A,0xF81F,0xF81F,0xF81F,0xF81F,0xF81F,
  0xF81F,0xF81F,0xF81F,0xF81F,0xF81F,0x0049,0x043F,0xF81F,0xF81F,0xF81F,0x05DF,0x05FF,0x05DF,0x05DF,0x05BF,0x043F,0x041F,0x01BA,0x004A,0xF81F,0xF81F,0xF81F,0xF81F,0xF81F,
  0xF81F,0xF81F,0xF81F,0xF81F,0x004A,0x01BA,0x05DF,0xF81F,0xF81F,0xF81F,0x05DF,0x05DF,0x05DF,0x05DF,0x05DF,0x043F,0x041F,0x01BA,0x01BA,0x004A,0xF81F,0xF81F,0xF81F,0xF81F,
  0xF81F,0xF81F,0xF81F,0x0049,0x019A,0x05FF,0x047F,0x05BF,0xF81F,0x05DF,0x05DF,0x05DF,0x05DF,0x05DF,0x05DF,0x05BF,0x043F,0x041F,0x019A,0x01BA,0x004A,0xF81F,0xF81F,0xF81F,
  0xF81F,0xF81F,0xF81F,0x0049,0x019A,0x05FF,0xF81F,0xF81F,0x05DF,0x05DF,0x05DF,0x05DF,0x05DF,0x05DF,0x05DF,0x05DF,0x043F,0x043F,0x019A,0x01BA,0x004A,0xF81F,0xF81F,0xF81F,
  0xF81F,0xF81F,0x0004,0x004A,0x043F,0x05FF,0xF81F,0xF81F,0x05DF,0x05DF,0x05DF,0x05DF,0x05DF,0x05DF,0x05DF,0x05DF,0x041F,0x041F,0x041F,0x019A,0x004A,0x0004,0xF81F,0xF81F,
  0xF81F,0xF81F,0x0004,0x004A,0x047F,0x05FF,0x05BF,0x05DF,0x05DF,0x05DF,0x05DF,0x05DF,0x05FF,0x05DF,0x05DF,0x05BF,0x043F,0xF81F,0x041F,0x01BA,0x004A,0x0004,0xF81F,0xF81F,
  0xF81F,0xF81F,0x0004,0x004A,0x041F,0x043F,0x05DF,0x05FF,0x05DF,0x05DF,0x05DF,0x05DF,0x05DF,0x05DF,0x05BF,0x043F,0xF81F,0xF81F,0x05DF,0x019A,0x004A,0x0004,0xF81F,0xF81F,
  0xF81F,0xF81F,0x0004,0x004A,0x01BA,0x047F,0x047F,0x05DF,0x05DF,0x05FF,0x05DF,0x05DF,0x05DF,0x043F,0x043F,0x043F,0x05BF,0x05DF,0x01BA,0x004A,0x004A,0x0004,0xF81F,0xF81F,
  0xF81F,0xF81F,0x0004,0x004A,0x019A,0x01BA,0x043F,0x043F,0x05DF,0x05DF,0x05DF,0x043F,0x043F,0x043F,0x043F,0xF81F,0x041F,0x01BA,0x019A,0x004A,0x004A,0x0004,0xF81F,0xF81F,
  0xF81F,0xF81F,0xF81F,0x004A,0x019A,0x019A,0x01BA,0x043F,0x043F,0x041F,0x041F,0x043F,0x043F,0x041F,0x019A,0x019A,0x019A,0x019A,0x004A,0x01BA,0x004A,0xF81F,0xF81F,0xF81F,
  0xF81F,0xF81F,0xF81F,0xF81F,0x004A,0x043F,0x01BA,0x019A,0x019A,0x043F,0x043F,0x041F,0x041F,0x01BA,0x019A,0x019A,0x01BA,0x0049,0x041F,0x004A,0xF81F,0xF81F,0xF81F,0xF81F,
  0xF81F,0xF81F,0xF81F,0xF81F,0x0049,0x004A,0x043F,0x019A,0x019A,0x019A,0x01BA,0x019A,0x01BA,0x019A,0x019A,0x019A,0x004A,0x041F,0x0049,0x0049,0xF81F,0xF81F,0xF81F,0xF81F,
  0xF81F,0xF81F,0xF81F,0xF81F,0xF81F,0x004A,0x004A,0x041F,0x041F,0x019A,0x019A,0x019A,0x01BA,0x019A,0x019A,0x041F,0x041F,0x004A,0x0049,0xF81F,0xF81F,0xF81F,0xF81F,0xF81F,
  0xF81F,0xF81F,0xF81F,0xF81F,0xF81F,0xF81F,0x0049,0x004A,0x0049,0x041F,0x041F,0x041F,0x041F,0x041F,0x041F,0x004A,0x004A,0x0049,0xF81F,0xF81F,0xF81F,0xF81F,0xF81F,0xF81F,
  0xF81F,0xF81F,0xF81F,0xF81F,0xF81F,0xF81F,0xF81F,0xF81F,0x004A,0x0049,0x004A,0x004A,0x004A,0x004A,0x004A,0x004A,0xF81F,0xF81F,0xF81F,0xF81F,0xF81F,0xF81F,0xF81F,0xF81F,
};

const uint16_t ICON_GIFT[24*24] = {
  0xF81F,0xF81F,0xF81F,0xF81F,0xF81F,0xF81F,0xF81F,0xF81F,0xF81F,0xF81F,0xF81F,0xF81F,0xF81F,0xF81F,0xF81F,0xF81F,0xF81F,0xF81F,0xF81F,0xF81F,0xF81F,0xF81F,0xF81F,0xF81F,
  0xF81F,0xF81F,0xF81F,0x0000,0x0000,0x0000,0x0000,0x0000,0x0000,0xF81F,0xF81F,0xF81F,0xF81F,0xF81F,0xF81F,0x0000,0x0000,0x0000,0x0000,0x0000,0x0000,0xF81F,0xF81F,0xF81F,
  0xF81F,0xF81F,0xF81F,0x0000,0xFEC3,0xFEC3,0xFFD7,0xFFD7,0xFE22,0x0000,0xF81F,0xF81F,0xF81F,0xF81F,0x0000,0xFEC3,0xFFD7,0xFFD7,0xFEC3,0xFEC3,0x0000,0xF81F,0xF81F,0xF81F,
  0xF81F,0xF81F,0xF81F,0x0000,0xFEC3,0xFE22,0xFFD7,0xFEA1,0xFE22,0xDC20,0x0000,0x0000,0x0000,0x0000,0xDC20,0xFE22,0xFEA1,0xFFD7,0xFE22,0xFEC3,0x1000,0xF81F,0xF81F,0xF81F,
  0xF81F,0xF81F,0xF81F,0x0000,0xDC20,0x0000,0x0000,0x0000,0xDC20,0xFE22,0x0000,0xFFD7,0xFFD7,0x0000,0xFEC3,0xE1E3,0x0000,0x0000,0x0000,0xDC20,0x0000,0xF81F,0xF81F,0xF81F,
  0xF81F,0xF81F,0xF81F,0x0000,0x0000,0x0000,0x0000,0x0000,0x0000,0xFE22,0x0000,0xFF01,0xFF01,0x0000,0xFEC3,0x0000,0x0000,0x0000,0x0000,0x0000,0x0000,0xF81F,0xF81F,0xF81F,
  0xF81F,0xF81F,0x0000,0x0000,0xDC20,0xDC20,0x0000,0x0000,0x0000,0x0000,0x0000,0xFEA1,0xFEA1,0x0000,0x0000,0x0000,0x0000,0x0000,0xDC20,0xDC20,0x0000,0x0000,0xF81F,0xF81F,
  0x0000,0xC800,0xFFD7,0xC800,0xDC20,0x0000,0x0000,0x0000,0x0000,0x0000,0xDC20,0x0000,0x0000,0xDC20,0x0000,0x0000,0x0000,0x0000,0x0000,0xDC20,0xC800,0xFFD7,0xC800,0x0000,
  0x0000,0xD800,0xD800,0xC800,0x0000,0x0000,0xFEA1,0xFEA1,0xFEA1,0xDC20,0x0000,0xC800,0xC800,0x0000,0xDC20,0xFEA1,0xFEA1,0xFEA1,0x0000,0x0000,0xE1E3,0xD800,0xD800,0x0000,
  0x0000,0xD800,0xD800,0xD800,0x0000,0xFEA1,0xFFD7,0xFFD7,0xFF01,0x0000,0xC800,0xD800,0xD800,0xC800,0x0000,0xFF01,0xFFD7,0xFFD7,0xFEA1,0x0000,0xD800,0xD800,0xD800,0x0000,
  0x0000,0x0000,0xD800,0xD800,0x0000,0xFEA1,0xFF01,0xFEA1,0x0000,0xFFD7,0xE1E3,0xE1E3,0xE1E3,0xE1E3,0xFFD7,0x0000,0xFEA1,0xFEC3,0xFEA1,0x0000,0xD800,0xD800,0x0000,0x0000,
  0xF81F,0x0000,0x0000,0x0000,0x0000,0xDC20,0xDC20,0xFEA1,0x0000,0xD800,0xD800,0xFFD7,0xFFD7,0xD800,0xD800,0x0000,0xFEA1,0xDC20,0xFEA1,0x0000,0xE000,0x0000,0x0000,0xF81F,
  0xF81F,0x0000,0xE000,0xE000,0x0000,0xFEA1,0xFF01,0x0000,0x0000,0xD800,0xD800,0xE1E3,0xD800,0xD800,0xD800,0x0000,0x0000,0xFF01,0xFEA1,0x0000,0xD800,0xE000,0x0000,0xF81F,
  0xF81F,0x0000,0xD800,0xD800,0x0000,0xFF01,0xFEC3,0xDC20,0x0000,0xD800,0xD800,0xE1E3,0xD800,0xD800,0xD800,0x0000,0xDC20,0xFEC3,0xFEA1,0x0000,0xD800,0xD800,0x0000,0xF81F,
  0xF81F,0x0000,0xD800,0xD800,0x0000,0xFEC3,0xFEC3,0xFEA1,0x0000,0x0000,0x0000,0xD800,0xD800,0x0000,0x0000,0x0000,0xFEA1,0xFEC3,0xFF01,0x0000,0xD800,0xD800,0x0000,0xF81F,
  0xF81F,0x0000,0xD800,0xD800,0x0000,0xFF01,0xFEC3,0xFEA1,0x0000,0xD800,0xC800,0x0000,0x0000,0xC800,0xC800,0x0000,0xFEA1,0xFEC3,0xFEA1,0x0000,0xD800,0xD800,0x0000,0xF81F,
  0xF81F,0x0000,0xD800,0xD800,0x0000,0xFEC3,0xFEC3,0xFF01,0x0000,0xD800,0xD800,0xE1E3,0xC800,0xD800,0xD800,0x0000,0xFF01,0xFEC3,0xFF01,0x0000,0xD800,0xD800,0x0000,0xF81F,
  0xF81F,0x0000,0x1000,0xD800,0x0000,0xFEA1,0xFEC3,0xFEA1,0x0000,0xD800,0xD800,0xE1E3,0xC800,0xD800,0xD800,0x0000,0xFEA1,0xFEA1,0xFEA1,0x0000,0xD800,0x0000,0x0000,0xF81F,
  0xF81F,0xF81F,0x0000,0x0000,0x0000,0xDC20,0xDC20,0xFEA1,0x0000,0xD800,0xD800,0xE1E3,0xC800,0xD800,0xD800,0x0000,0xFEA1,0xDC20,0xDC20,0x0000,0x0000,0x0000,0xF81F,0xF81F,
  0xF81F,0xF81F,0xF81F,0x0000,0x0000,0x0000,0xDC20,0xDC20,0x0000,0xD800,0xD800,0xE1E3,0xC800,0xD800,0xD800,0x0000,0xDC20,0xDC20,0x0000,0x0000,0x0000,0xF81F,0xF81F,0xF81F,
  0xF81F,0xF81F,0xF81F,0xF81F,0xF81F,0x0000,0x0000,0x0000,0x0000,0xD800,0xD800,0xE1E3,0xC800,0xD800,0xD800,0x0000,0x0000,0x0000,0x0000,0xF81F,0xF81F,0xF81F,0xF81F,0xF81F,
  0xF81F,0xF81F,0xF81F,0xF81F,0xF81F,0xF81F,0xF81F,0x0000,0x0000,0x0000,0xD800,0xE1E3,0xC800,0xD800,0x0000,0x0000,0x0000,0xF81F,0xF81F,0xF81F,0xF81F,0xF81F,0xF81F,0xF81F,
  0xF81F,0xF81F,0xF81F,0xF81F,0xF81F,0xF81F,0xF81F,0xF81F,0xF81F,0x0000,0x0000,0x0000,0x0000,0x0000,0x0000,0xF81F,0xF81F,0xF81F,0xF81F,0xF81F,0xF81F,0xF81F,0xF81F,0xF81F,
  0xF81F,0xF81F,0xF81F,0xF81F,0xF81F,0xF81F,0xF81F,0xF81F,0xF81F,0xF81F,0xF81F,0xF81F,0xF81F,0xF81F,0xF81F,0xF81F,0xF81F,0xF81F,0xF81F,0xF81F,0xF81F,0xF81F,0xF81F,0xF81F,
};

const uint16_t ICON_HOME[24*24] = {
  0xF81F,0xF81F,0xF81F,0xF81F,0xF81F,0xF81F,0xF81F,0xF81F,0xF81F,0xF81F,0x0000,0x0000,0x0000,0x0000,0xF81F,0xF81F,0xF81F,0xF81F,0xF81F,0xF81F,0xF81F,0xF81F,0xF81F,0xF81F,
  0xF81F,0xF81F,0xF81F,0xF81F,0xF81F,0xF81F,0xF81F,0xF81F,0xF81F,0x0821,0xE8E4,0xFED0,0xE8E4,0xB023,0x0821,0xF81F,0xF81F,0xF81F,0xF81F,0xF81F,0xF81F,0xF81F,0xF81F,0xF81F,
  0xF81F,0xF81F,0xF81F,0xF81F,0xF81F,0xF81F,0xF81F,0xF81F,0x0821,0xE8E4,0xFED0,0xE8E4,0xE8E4,0xE8E4,0xB023,0x0821,0xF81F,0xF81F,0xF81F,0xF81F,0xF81F,0xF81F,0xF81F,0xF81F,
  0xF81F,0xF81F,0xF81F,0xF81F,0xF81F,0xF81F,0x0821,0x0821,0xE8E4,0xFED0,0xE8E4,0xE8E4,0xE8E4,0xE8E4,0xE8E4,0xB023,0x0821,0x0000,0xF81F,0xF81F,0xF81F,0xF81F,0xF81F,0xF81F,
  0xF81F,0xF81F,0xF81F,0xF81F,0xF81F,0x0841,0xC184,0xE8E4,0xFED0,0xE8E4,0xE8E4,0xE8E4,0xE8E4,0xE8E4,0xE8E4,0xE8E4,0xB023,0xE8E4,0x0821,0xF81F,0xF81F,0xF81F,0xF81F,0xF81F,
  0xF81F,0xF81F,0xF81F,0xF81F,0x0821,0xE8E4,0xFED0,0xFED0,0xE8E4,0xE8E4,0xE8E4,0xE8E4,0xE8E4,0xE8E4,0xE8E4,0xE8E4,0xE8E4,0xE8E4,0xB023,0x0821,0xF81F,0xF81F,0xF81F,0xF81F,
  0xF81F,0xF81F,0xF81F,0x0821,0xE8E4,0xFED0,0xF585,0xE8E4,0xE8E4,0xE8E4,0xE8E4,0xE8E4,0xE8E4,0xE8E4,0xE8E4,0xE8E4,0xE8E4,0xE8E4,0xE8E4,0xB023,0x0821,0xF81F,0xF81F,0xF81F,
  0xF81F,0xF81F,0x0841,0xE8E4,0xFED0,0xE8E4,0xE8E4,0xE8E4,0xE8E4,0xE8E4,0xE8E4,0xE8E4,0xE8E4,0xE8E4,0xE8E4,0xE8E4,0xB023,0xB023,0xB023,0xB023,0xB023,0x0821,0xF81F,0xF81F,
  0xF81F,0x0821,0xE8E4,0xFED0,0xFED0,0xE8E4,0xE8E4,0xE8E4,0xE8E4,0xE8E4,0xE8E4,0xE8E4,0xE8E4,0xE8E4,0xE8E4,0xE8E4,0xE8E4,0xE8E4,0xE8E4,0xB023,0xB023,0xB023,0x0821,0xF81F,
  0xF81F,0x0821,0xB023,0xB023,0xB023,0xB023,0xB023,0xB023,0xB023,0xB023,0xB023,0xB023,0xB023,0xB023,0xB023,0xB023,0xB023,0xB023,0xB023,0xB023,0xB023,0xB023,0x0821,0xF81F,
  0xF81F,0x0821,0x0821,0x0821,0x0841,0x0821,0x0821,0x0821,0x0821,0x0841,0x0841,0x0821,0x0821,0x0821,0x0821,0x0821,0x0821,0x0821,0x0821,0x0821,0x0821,0x0841,0x0841,0xF81F,
  0xF81F,0xF81F,0x0821,0xF585,0xF585,0xF585,0xF585,0xF585,0xF585,0xF585,0xF585,0xF585,0xF585,0xF585,0xF585,0xF585,0xF585,0xF585,0xF585,0xF585,0xF585,0x0821,0xF81F,0xF81F,
  0xF81F,0xF81F,0x0821,0xFED0,0xFF11,0xFF11,0xFF11,0xFF11,0xFED0,0xFED0,0xFED0,0xFED0,0xFED0,0xFF11,0xFF11,0xFED0,0xFED0,0xFED0,0xFED0,0xFF11,0xF585,0x0821,0xF81F,0xF81F,
  0xF81F,0xF81F,0x0821,0xFED0,0x0821,0x4B88,0x4B88,0x4B88,0xFED0,0x0841,0x0821,0x0821,0x0821,0x0821,0x0821,0x0821,0x0841,0xFED0,0xFED0,0xFF11,0xF585,0x0841,0xF81F,0xF81F,
  0xF81F,0xF81F,0x0841,0xFED0,0x0821,0x4B88,0xFED0,0x4B88,0xFED0,0x0821,0x0000,0xB023,0xB023,0xB023,0xB023,0xB023,0x0841,0xFED0,0xFED0,0xFF11,0xF585,0x0841,0xF81F,0xF81F,
  0xF81F,0xF81F,0x0821,0xFED0,0x0841,0x4B88,0x4B88,0x4B88,0xFED0,0x0841,0x0000,0xB023,0xB023,0xB023,0xB023,0xB023,0x0821,0xFED0,0xFED0,0xFF11,0xF585,0x0841,0xF81F,0xF81F,
  0xF81F,0xF81F,0x0821,0xFED0,0x0841,0x0841,0x0821,0x0821,0xFED0,0x0821,0x0000,0xB023,0xB023,0xB023,0xFED0,0xFF11,0x0821,0xFED0,0xFED0,0xFF11,0xF585,0x0821,0xF81F,0xF81F,
  0xF81F,0xF81F,0x0821,0xFED0,0xFED0,0xFED0,0xFED0,0xFED0,0xFED0,0x0841,0x0000,0xB023,0xC184,0xB023,0xF585,0xF585,0x0821,0xFED0,0xFED0,0xFF11,0xF585,0x0821,0xF81F,0xF81F,
  0xF81F,0xF81F,0x0841,0xFED0,0xFED0,0xFED0,0xFED0,0xFED0,0xFED0,0x0841,0x0000,0xB023,0xB023,0xB023,0x0000,0x0000,0x0821,0xFED0,0xFF11,0xF585,0xF585,0x0821,0xF81F,0xF81F,
  0x0841,0x0841,0x0841,0xB023,0xB023,0x0841,0xB023,0xB023,0x0821,0x0841,0x0000,0xB023,0xB023,0xB023,0xC184,0xB023,0x0821,0x0821,0x0000,0xB023,0x0821,0x0821,0x0821,0x0821,
  0x0841,0x8DE4,0x0821,0x0821,0x0821,0x8DE4,0x0821,0x0821,0x8DE4,0x0821,0x0821,0x0841,0x0821,0x0821,0x0821,0x0821,0x0821,0x8DE4,0xFED0,0x0821,0x8DE4,0x0841,0x8DE4,0x0841,
  0x0821,0x4B88,0x4B88,0x8DE4,0x8DE4,0x4B88,0x8DE4,0x8DE4,0x4B88,0x4B88,0xF585,0x8DE4,0x8DE4,0x8DE4,0x8DE4,0x8DE4,0x8DE4,0x4B88,0x4B88,0x8DE4,0x4B88,0x4B88,0x4B88,0x0841,
  0x0841,0x0821,0x4B88,0x4B88,0x4B88,0x4B88,0x4B88,0x4B88,0x0841,0x4B88,0x4B88,0x4B88,0x4B88,0x4B88,0x4B88,0x4B88,0x4B88,0x4B88,0x4B88,0x4B88,0x4B88,0x4B88,0x0821,0x0821,
  0xF81F,0x0000,0x0000,0x0000,0x0000,0x0000,0x0000,0x0000,0x0000,0x0000,0x0000,0x0000,0x0000,0x0000,0x0000,0x0000,0x0000,0x0000,0x0000,0x0000,0x0000,0x0000,0x0000,0xF81F,
};

const uint16_t ICON_GAMES[24*24] = {
  0xF81F,0xF81F,0xF81F,0xF81F,0xF81F,0xF81F,0xF81F,0xF81F,0xF81F,0xF81F,0xF81F,0xF81F,0xF81F,0xF81F,0xF81F,0xF81F,0xF81F,0xF81F,0xF81F,0xF81F,0xF81F,0xF81F,0xF81F,0xF81F,
  0xF81F,0xF81F,0xF81F,0xF81F,0xF81F,0xF81F,0xF81F,0xF81F,0xF81F,0xF81F,0xF81F,0xF81F,0xF81F,0xF81F,0xF81F,0xF81F,0xF81F,0xF81F,0xF81F,0xF81F,0xF81F,0xF81F,0xF81F,0xF81F,
  0xF81F,0xF81F,0xF81F,0xF81F,0xF81F,0xF81F,0xF81F,0xF81F,0xF81F,0xF81F,0xF81F,0xF81F,0xF81F,0xF81F,0xF81F,0xF81F,0xF81F,0xF81F,0xF81F,0xF81F,0xF81F,0xF81F,0xF81F,0xF81F,
  0xF81F,0xF81F,0xF81F,0xF81F,0xF81F,0xF81F,0xF81F,0xF81F,0xF81F,0xF81F,0xF81F,0xF81F,0xF81F,0xF81F,0xF81F,0xF81F,0xF81F,0xF81F,0xF81F,0xF81F,0xF81F,0xF81F,0xF81F,0xF81F,
  0xF81F,0xF81F,0xF81F,0xF81F,0xF81F,0xF81F,0xF81F,0xF81F,0xF81F,0xF81F,0xF81F,0xF81F,0xF81F,0xF81F,0xF81F,0xF81F,0xF81F,0xF81F,0xF81F,0xF81F,0xF81F,0xF81F,0xF81F,0xF81F,
  0xF81F,0xF81F,0x0002,0x0005,0x93B5,0xD618,0x93B5,0x0005,0x0002,0x0002,0x0002,0x0002,0x0002,0x0002,0x0002,0x0004,0xD618,0xD618,0x93B5,0x93B5,0x0005,0x0002,0xF81F,0xF81F,
  0xF81F,0xF81F,0x384F,0xD618,0xD618,0xD618,0xD618,0x99DC,0x99DC,0xD618,0xD618,0xD618,0xD618,0x99DC,0xD618,0x99DC,0x99DC,0x99DC,0x99DC,0x99DC,0x99DC,0x384F,0xF81F,0xF81F,
  0xF81F,0x0002,0x99DC,0x8959,0x384F,0x0005,0x68D6,0x8959,0x8959,0x8959,0x8959,0x8959,0x8959,0x8959,0x8959,0x8959,0x8959,0x0002,0x99DC,0x8959,0x8959,0x7939,0x0005,0xF81F,
  0xF81F,0x0002,0x8959,0x7939,0x0005,0x40EE,0x0005,0x7939,0x7939,0x7939,0x7939,0x7939,0x7939,0x7939,0x7939,0x7939,0x7939,0x0002,0x8959,0x6073,0x7939,0x7939,0x1008,0xF81F,
  0xF81F,0x384F,0x7939,0x1008,0x40EE,0x40EE,0x1008,0x40EE,0x384F,0x7939,0x7939,0x7939,0x7939,0x7939,0x7939,0xD618,0x93B5,0x6073,0x0004,0x6073,0xD618,0xD618,0x6073,0xF81F,
  0x0004,0x68D6,0x7939,0x1008,0x40EE,0x40EE,0x1008,0x1008,0x384F,0x7939,0xD618,0x0005,0x40EE,0x40EE,0x384F,0xD618,0x93B5,0x0002,0x7196,0x40EE,0xD618,0xD618,0x384F,0x0005,
  0x0002,0xD618,0x99DC,0x1008,0x0005,0x93B5,0x0005,0x0005,0x7939,0x8959,0x0005,0x384F,0x0002,0x0005,0x68D6,0x0005,0x0005,0x6073,0x0002,0x0004,0x0005,0x0005,0x7939,0x0005,
  0x0002,0x7939,0x99DC,0x99DC,0x0005,0x0002,0x0005,0x8959,0x7939,0x7939,0x8959,0x7939,0x7939,0x8959,0x7939,0x7939,0x7939,0x0002,0x0002,0x0005,0x99DC,0x99DC,0x99DC,0x0005,
  0x0002,0x68D6,0x99DC,0x99DC,0x99DC,0x99DC,0x99DC,0x384F,0x0005,0x0005,0x0004,0x0005,0x0005,0x0005,0x0005,0x0005,0x6073,0x8959,0x0002,0x0004,0x99DC,0x99DC,0x68D6,0x0005,
  0x0002,0x6073,0xD618,0x99DC,0x99DC,0x99DC,0x6073,0x384F,0x0005,0x0005,0x0004,0x0004,0x0004,0x0004,0x0005,0x0005,0x384F,0x384F,0x8959,0x99DC,0x99DC,0xD618,0x68D6,0x0005,
  0x0002,0x6073,0x68D6,0x68D6,0x68D6,0x6073,0x384F,0x0005,0x0004,0xF81F,0xF81F,0xF81F,0xF81F,0xF81F,0xF81F,0x0005,0x384F,0x6073,0x6073,0x68D6,0x68D6,0x68D6,0x6073,0x0005,
  0xF81F,0x384F,0x6073,0x6073,0x6073,0x6073,0x384F,0x0004,0xF81F,0xF81F,0xF81F,0xF81F,0xF81F,0xF81F,0xF81F,0xF81F,0x0004,0x384F,0x6073,0x6073,0x68D6,0x6073,0x384F,0xF81F,
  0xF81F,0x0004,0x384F,0x384F,0x384F,0x384F,0x0005,0x0002,0xF81F,0xF81F,0xF81F,0xF81F,0xF81F,0xF81F,0xF81F,0xF81F,0x0002,0x0005,0x384F,0x384F,0x384F,0x384F,0x0005,0xF81F,
  0xF81F,0xF81F,0x0005,0x0005,0x0005,0x0005,0xF81F,0xF81F,0xF81F,0xF81F,0xF81F,0xF81F,0xF81F,0xF81F,0xF81F,0xF81F,0xF81F,0xF81F,0x0005,0x0005,0x0005,0x0005,0xF81F,0xF81F,
  0xF81F,0xF81F,0xF81F,0xF81F,0xF81F,0xF81F,0xF81F,0xF81F,0xF81F,0xF81F,0xF81F,0xF81F,0xF81F,0xF81F,0xF81F,0xF81F,0xF81F,0xF81F,0xF81F,0xF81F,0xF81F,0xF81F,0xF81F,0xF81F,
  0xF81F,0xF81F,0xF81F,0xF81F,0xF81F,0xF81F,0xF81F,0xF81F,0xF81F,0xF81F,0xF81F,0xF81F,0xF81F,0xF81F,0xF81F,0xF81F,0xF81F,0xF81F,0xF81F,0xF81F,0xF81F,0xF81F,0xF81F,0xF81F,
  0xF81F,0xF81F,0xF81F,0xF81F,0xF81F,0xF81F,0xF81F,0xF81F,0xF81F,0xF81F,0xF81F,0xF81F,0xF81F,0xF81F,0xF81F,0xF81F,0xF81F,0xF81F,0xF81F,0xF81F,0xF81F,0xF81F,0xF81F,0xF81F,
  0xF81F,0xF81F,0xF81F,0xF81F,0xF81F,0xF81F,0xF81F,0xF81F,0xF81F,0xF81F,0xF81F,0xF81F,0xF81F,0xF81F,0xF81F,0xF81F,0xF81F,0xF81F,0xF81F,0xF81F,0xF81F,0xF81F,0xF81F,0xF81F,
  0xF81F,0xF81F,0xF81F,0xF81F,0xF81F,0xF81F,0xF81F,0xF81F,0xF81F,0xF81F,0xF81F,0xF81F,0xF81F,0xF81F,0xF81F,0xF81F,0xF81F,0xF81F,0xF81F,0xF81F,0xF81F,0xF81F,0xF81F,0xF81F,
};

const uint16_t ICON_SHOP[24*24] = {
  0xF81F,0xF81F,0xF81F,0xF81F,0xF81F,0xF81F,0xF81F,0xF81F,0xF81F,0x0864,0x0864,0x0864,0x0864,0x0864,0x0864,0xF81F,0xF81F,0xF81F,0xF81F,0xF81F,0xF81F,0xF81F,0xF81F,0xF81F,
  0xF81F,0xF81F,0xF81F,0xF81F,0xF81F,0xF81F,0xF81F,0x0023,0x0864,0x98A2,0xF62F,0xF62F,0xF62F,0xF62F,0x98A2,0x0864,0xF81F,0xF81F,0xF81F,0xF81F,0xF81F,0xF81F,0xF81F,0xF81F,
  0xF81F,0xF81F,0xF81F,0xF81F,0xF81F,0xF81F,0x0864,0xF62F,0x98A2,0xF62F,0x0864,0x0864,0x0864,0x0864,0xF62F,0x98A2,0x0864,0x0864,0xF81F,0xF81F,0xF81F,0xF81F,0xF81F,0xF81F,
  0xF81F,0xF81F,0xF81F,0xF81F,0xF81F,0xF81F,0x0864,0xF62F,0xF62F,0x0023,0x0864,0xF62F,0xF62F,0x0864,0x0023,0xF62F,0x0864,0x0864,0xF81F,0xF81F,0xF81F,0xF81F,0xF81F,0xF81F,
  0xF81F,0xF81F,0x0864,0x0864,0x0864,0x0864,0x0864,0xF62F,0xF62F,0x0864,0x0864,0x0023,0x0023,0x0864,0x0864,0xF62F,0x0864,0x0864,0x0864,0x0864,0x0864,0x0864,0xF81F,0xF81F,
  0xF81F,0xF81F,0x0864,0x0023,0x98A2,0x98A2,0x0864,0xF62F,0xCB64,0x0864,0x98A2,0x98A2,0x98A2,0x98A2,0x0864,0xCB64,0x0864,0x0864,0x98A2,0x98A2,0x98A2,0x1084,0xF81F,0xF81F,
  0xF81F,0x0864,0x0864,0x0023,0xF1C1,0xF1C1,0x0864,0xF62F,0xCB64,0x0864,0xF1C1,0xF1C1,0xF1C1,0xF1C1,0x0864,0xCB64,0x0864,0x1084,0xF1C1,0xF1C1,0xF1C1,0x0864,0x0864,0xF81F,
  0xF81F,0x0864,0xF62F,0xF1C1,0xF62F,0xFBA0,0x0864,0x0864,0x0864,0x0864,0xFBA0,0xF62F,0xF62F,0xFBA0,0x0864,0x0864,0x0864,0x1084,0xF1C1,0xF62F,0xF62F,0x1084,0x0864,0xF81F,
  0xF81F,0x0864,0xF1C1,0xF1C1,0xFBC0,0xFBA0,0x0864,0x98A2,0xFBA0,0x0864,0xFBA0,0xFBA0,0xFBA0,0xFBA0,0x0864,0xFBA0,0x0864,0x1084,0xFB80,0xFBA0,0xFBC0,0x1084,0x0864,0xF81F,
  0xF81F,0x0864,0xF1C1,0xF1C1,0xFBC0,0xFBA0,0x0864,0x0864,0x0864,0x0864,0xFBA0,0xFBA0,0xFB80,0xFBA0,0x0864,0x0864,0x0864,0x1084,0xFBA0,0xFBA0,0xFBC0,0x1084,0x0864,0xF81F,
  0xF81F,0x0864,0xF1C1,0xF1C1,0xFBC0,0xFBA0,0xFBA0,0x0864,0x1084,0xFBA0,0xFBA0,0xFBA0,0xFB80,0xFBA0,0xFBA0,0x1084,0xF1C1,0xFBA0,0xFBA0,0xFBA0,0xFBC0,0x1084,0x0864,0xF81F,
  0xF81F,0x0864,0xF1C1,0xF1C1,0xFBC0,0xFBA0,0xFBA0,0xFBA0,0xFBA0,0xFBA0,0xFBA0,0xFBA0,0xFBA0,0xFBA0,0xFBA0,0xFBA0,0xFBA0,0xFB80,0xFBA0,0xFBA0,0xFBC0,0x1084,0x0864,0xF81F,
  0xF81F,0x0864,0xF1C1,0xF1C1,0xF62F,0xFBA0,0xFBA0,0xFBA0,0xFBA0,0xFBA0,0xFBA0,0xFBA0,0xFBA0,0xFBA0,0xFBA0,0xFBA0,0xFBA0,0xFBA0,0xFBA0,0xFBA0,0xFBC0,0x1084,0x0864,0xF81F,
  0xF81F,0x0864,0xF1C1,0xF1C1,0xFBC0,0xFBA0,0xFBA0,0xFBA0,0xFBA0,0xFBA0,0xFBA0,0xFBA0,0xFBA0,0xFBA0,0xFBA0,0xFBA0,0xFBA0,0xFBA0,0xFBA0,0xFBA0,0xFBC0,0x1084,0x0864,0xF81F,
  0xF81F,0x0864,0xF1C1,0xF1C1,0xFBC0,0xFBA0,0xFBA0,0xFBA0,0xFBA0,0xFBA0,0xFBA0,0xFBA0,0xFBA0,0xFBA0,0xFBA0,0xFBA0,0xFBA0,0xFBA0,0xFBA0,0xFBA0,0xFBC0,0x1084,0x0864,0xF81F,
  0xF81F,0x0864,0x98A2,0xF1C1,0xFBA0,0xFBA0,0xFBA0,0xFBA0,0xFBA0,0xFBA0,0xFBA0,0xFBA0,0xFBA0,0xFBA0,0xFBA0,0xFBA0,0xFBA0,0xFBC0,0xFBA0,0xFBA0,0xFBC0,0x1084,0x0864,0xF81F,
  0xF81F,0x0864,0x0023,0xFBC0,0xF1C1,0xFBA0,0xFBA0,0xFBA0,0xFBA0,0xFBA0,0xFBA0,0xFBA0,0xFBA0,0xFBA0,0xFBA0,0xFBA0,0xFBA0,0xFBA0,0xFBA0,0xFBA0,0xFBC0,0x1084,0x0864,0xF81F,
  0xF81F,0x0864,0x0023,0xFBA0,0xF1C1,0xFBA0,0xFBA0,0xFBA0,0xFBA0,0xFBA0,0xFBA0,0xFBA0,0xFBA0,0xFBA0,0xFBA0,0xFBA0,0xFBA0,0xFBA0,0xFBA0,0xFBA0,0xFBC0,0x1084,0x0864,0xF81F,
  0xF81F,0x0864,0x0023,0xFBC0,0xFB80,0xFBA0,0xFBA0,0xFBA0,0xFBA0,0xFBA0,0xFBA0,0xFBA0,0xFBA0,0xFBA0,0xFBA0,0xFB80,0xFBA0,0xFBA0,0xFBA0,0xF1C1,0xFB80,0x1084,0x0864,0xF81F,
  0xF81F,0x0864,0x0023,0xFBA0,0xF1C1,0xFB80,0xFB80,0xFBA0,0xFBA0,0xFBA0,0xFBA0,0xFB80,0xFBA0,0xFBA0,0xFBA0,0xFBA0,0xFBA0,0xFBA0,0xFB80,0xFB80,0xFB80,0x1084,0x0864,0xF81F,
  0xF81F,0x0864,0xFB80,0xF1C1,0xFBA0,0xF1C1,0xF1C1,0xFBA0,0xFBA0,0xFBA0,0xFBA0,0xFBA0,0xFBA0,0xFBA0,0xFBA0,0xFBA0,0xFBA0,0xFBA0,0xF1C1,0xFBC0,0xFBC0,0xFBA0,0x0864,0xF81F,
  0xF81F,0x0864,0xF62F,0xF1C1,0xF1C1,0xF1C1,0xF1C1,0xF1C1,0xF1C1,0xF1C1,0xF1C1,0xF1C1,0xF1C1,0xF1C1,0xF1C1,0xF1C1,0xF1C1,0xF1C1,0xF1C1,0xF1C1,0xF1C1,0xF62F,0x0864,0xF81F,
  0xF81F,0x0864,0x0864,0x0864,0x0864,0x0864,0x0864,0x0864,0x0864,0x0864,0x0864,0x0864,0x0864,0x0864,0x0864,0x0864,0x0864,0x0864,0x0864,0x0864,0x0864,0x0864,0x0864,0xF81F,
  0xF81F,0xF81F,0x0864,0x0864,0x0864,0x0864,0x0864,0x0864,0x0864,0x0864,0x0864,0x0864,0x0864,0x0864,0x0864,0x0864,0x0864,0x0864,0x0864,0x0864,0x0864,0x0864,0xF81F,0xF81F,
};

const uint16_t ICON_MISSIONS[24*24] = {
  0xF81F,0xF81F,0xF81F,0x1045,0x1045,0x1045,0xF81F,0xF81F,0xF81F,0xF81F,0xF81F,0xF81F,0xF81F,0xF81F,0xF81F,0xF81F,0xF81F,0xF81F,0xF81F,0xF81F,0xF81F,0xF81F,0xF81F,0xF81F,
  0xF81F,0xF81F,0x1045,0xE4E9,0xE4E9,0xE4E9,0x1045,0xF81F,0xF81F,0xF81F,0xF81F,0xF81F,0xF81F,0xF81F,0xF81F,0xF81F,0xF81F,0xF81F,0xF81F,0xF81F,0xF81F,0xF81F,0xF81F,0xF81F,
  0xF81F,0x1045,0x1045,0xE4E9,0xE4E9,0xE4E9,0x1845,0x1845,0xF81F,0xF81F,0xF81F,0xF81F,0xF81F,0xF81F,0xF81F,0xF81F,0xF81F,0xF81F,0xF81F,0xF81F,0xF81F,0xF81F,0xF81F,0xF81F,
  0xF81F,0xF81F,0x1045,0x7AEF,0xF81F,0x1045,0xD002,0xE4E9,0xD002,0xF001,0x1002,0x1002,0x1002,0xF81F,0xF81F,0xF81F,0xF81F,0xF81F,0xF81F,0xF81F,0xF81F,0xF81F,0xF81F,0xF81F,
  0xF81F,0xF81F,0x1045,0x7AEF,0xF81F,0x1045,0xC002,0xF001,0xF001,0xE4E9,0xE4E9,0xC002,0xC002,0x1045,0x1045,0xF81F,0xF81F,0xF81F,0xF81F,0xF81F,0xF81F,0xF81F,0xF81F,0xF81F,
  0xF81F,0xF81F,0x1045,0x7AEF,0xF81F,0x1045,0xC002,0xF001,0xF001,0xF001,0xF001,0xE4E9,0xE4E9,0xF001,0xD002,0x1045,0x1045,0xF81F,0xF81F,0xF81F,0xF81F,0xF81F,0xF81F,0xF81F,
  0xF81F,0xF81F,0x1045,0x7AEF,0xF81F,0x1045,0xC002,0xF001,0xF001,0xF001,0xF001,0xF001,0xF001,0xF001,0xE4E9,0xE4E9,0xD002,0x1845,0x1045,0x1045,0xF81F,0xF81F,0xF81F,0xF81F,
  0xF81F,0xF81F,0x1045,0x7AEF,0xF81F,0x1045,0xC002,0xF001,0xF001,0xF001,0xF001,0xF001,0xF001,0xF001,0xF001,0xF001,0xE4E9,0xE4E9,0xE4E9,0xC002,0x1045,0x1045,0xF81F,0xF81F,
  0xF81F,0xF81F,0x1045,0x7AEF,0xF81F,0x1045,0xC002,0xF001,0xF001,0xF001,0xF001,0xF001,0xF001,0xF001,0xF001,0xF001,0xF001,0xF001,0xF001,0xE4E9,0xE4E9,0xC002,0x1045,0xF81F,
  0xF81F,0xF81F,0x1045,0x7AEF,0xF81F,0x1045,0xC002,0xF001,0xF001,0xF001,0xF001,0xF001,0xF001,0xF001,0xF001,0xF001,0xF001,0xC002,0xD002,0xD002,0xC002,0xA003,0x1045,0xF81F,
  0xF81F,0xF81F,0x1045,0x7AEF,0xF81F,0x1045,0xC002,0xF001,0xF001,0xF001,0xF001,0xF001,0xF001,0xF001,0xF001,0xC002,0xD002,0xC002,0xD002,0x1845,0x1845,0x1045,0xF81F,0xF81F,
  0xF81F,0xF81F,0x1045,0x7AEF,0xF81F,0x1045,0xC002,0xF001,0xF001,0xF001,0xF001,0xF001,0xC002,0xC002,0xD002,0xA003,0x1845,0x1845,0x1845,0xF81F,0xF81F,0xF81F,0xF81F,0xF81F,
  0xF81F,0xF81F,0x1045,0x7AEF,0xF81F,0x1045,0xC002,0xF001,0xF001,0xF001,0xC002,0xC002,0xD002,0xA003,0x1845,0x1845,0xF81F,0xF81F,0xF81F,0xF81F,0xF81F,0xF81F,0xF81F,0xF81F,
  0xF81F,0xF81F,0x1045,0x7AEF,0xF81F,0x1045,0xC002,0xF001,0xA003,0xC002,0xC002,0x1845,0x1845,0x1045,0xF81F,0xF81F,0xF81F,0xF81F,0xF81F,0xF81F,0xF81F,0xF81F,0xF81F,0xF81F,
  0xF81F,0xF81F,0x1045,0x7AEF,0xF81F,0x1045,0xC002,0xC002,0x1845,0x1045,0x1845,0xF81F,0xF81F,0xF81F,0xF81F,0xF81F,0xF81F,0xF81F,0xF81F,0xF81F,0xF81F,0xF81F,0xF81F,0xF81F,
  0xF81F,0xF81F,0x1045,0x7AEF,0xF81F,0x1045,0x1045,0x1045,0xF81F,0xF81F,0xF81F,0xF81F,0xF81F,0xF81F,0xF81F,0xF81F,0xF81F,0xF81F,0xF81F,0xF81F,0xF81F,0xF81F,0xF81F,0xF81F,
  0xF81F,0xF81F,0x1045,0x7AEF,0xF81F,0x1045,0x1002,0xF81F,0xF81F,0xF81F,0xF81F,0xF81F,0xF81F,0xF81F,0xF81F,0xF81F,0xF81F,0xF81F,0xF81F,0xF81F,0xF81F,0xF81F,0xF81F,0xF81F,
  0xF81F,0xF81F,0x1045,0x1045,0x1045,0x1045,0x1002,0xF81F,0xF81F,0xF81F,0xF81F,0xF81F,0xF81F,0xF81F,0xF81F,0xF81F,0xF81F,0xF81F,0xF81F,0xF81F,0xF81F,0xF81F,0xF81F,0xF81F,
  0xF81F,0xF81F,0x1045,0x7AEF,0x7AEF,0x7AEF,0x1002,0xF81F,0xF81F,0xF81F,0xF81F,0xF81F,0xF81F,0xF81F,0xF81F,0xF81F,0xF81F,0xF81F,0xF81F,0xF81F,0xF81F,0xF81F,0xF81F,0xF81F,
  0xF81F,0xF81F,0x1045,0x9186,0xE4E9,0x9186,0x1002,0xF81F,0xF81F,0xF81F,0xF81F,0xF81F,0xF81F,0xF81F,0xF81F,0xF81F,0xF81F,0xF81F,0xF81F,0xF81F,0xF81F,0xF81F,0xF81F,0xF81F,
  0xF81F,0xF81F,0x1045,0x9186,0xE4E9,0x9186,0x1002,0xF81F,0xF81F,0xF81F,0xF81F,0xF81F,0xF81F,0xF81F,0xF81F,0xF81F,0xF81F,0xF81F,0xF81F,0xF81F,0xF81F,0xF81F,0xF81F,0xF81F,
  0xF81F,0xF81F,0x1045,0xA003,0xE4E9,0x9186,0x1002,0xF81F,0xF81F,0xF81F,0xF81F,0xF81F,0xF81F,0xF81F,0xF81F,0xF81F,0xF81F,0xF81F,0xF81F,0xF81F,0xF81F,0xF81F,0xF81F,0xF81F,
  0xF81F,0xF81F,0x1045,0x9186,0x9186,0x9186,0x1002,0xF81F,0xF81F,0xF81F,0xF81F,0xF81F,0xF81F,0xF81F,0xF81F,0xF81F,0xF81F,0xF81F,0xF81F,0xF81F,0xF81F,0xF81F,0xF81F,0xF81F,
  0xF81F,0xF81F,0xF81F,0x1045,0x1045,0x1045,0xF81F,0xF81F,0xF81F,0xF81F,0xF81F,0xF81F,0xF81F,0xF81F,0xF81F,0xF81F,0xF81F,0xF81F,0xF81F,0xF81F,0xF81F,0xF81F,0xF81F,0xF81F,
};

const uint16_t ICON_COLLECTION[24*24] = {
  0xF81F,0xF81F,0xF81F,0xF81F,0xF81F,0xF81F,0xF81F,0xF81F,0xF81F,0xF81F,0xF81F,0xF81F,0xF81F,0xF81F,0xF81F,0xF81F,0xF81F,0xF81F,0xF81F,0xF81F,0xF81F,0xF81F,0xF81F,0xF81F,
  0xF81F,0xF81F,0xF81F,0xF81F,0xF81F,0xF81F,0x9160,0x9160,0x4081,0xAA00,0x2041,0x0002,0x0002,0x0002,0x0002,0xF81F,0xF81F,0xF81F,0xF81F,0xF81F,0xF81F,0xF81F,0xF81F,0xF81F,
  0xF81F,0xF81F,0xF81F,0xF81F,0xF81F,0x0802,0x9160,0x4081,0x4081,0x4081,0x4081,0xCBC6,0xCBC6,0xCBC6,0x8140,0x9160,0x9160,0x9160,0x8140,0x9160,0x0002,0xF81F,0xF81F,0xF81F,
  0xF81F,0xF81F,0xF81F,0xF81F,0xF81F,0x0002,0x0802,0x0802,0x0802,0x0802,0xCBC6,0xCBC6,0xCBC6,0xCBC6,0xCBC6,0xCBC6,0xCBC6,0x4081,0x9160,0xCBC6,0x4081,0x8140,0x0802,0xF81F,
  0xF81F,0xF81F,0xF81F,0xF81F,0xF81F,0xF81F,0x9160,0x0002,0x0002,0x0002,0x0002,0x0002,0x0002,0x0002,0xE507,0xAA00,0xFF27,0xFF27,0xFF27,0x0802,0x4081,0xAA00,0x0002,0xF81F,
  0xF81F,0xF81F,0xF81F,0xF81F,0xF81F,0xF81F,0x0002,0x0802,0x0002,0x0802,0x0002,0x0002,0x0002,0x0002,0x0002,0x0002,0x0002,0x0002,0x0002,0xE507,0x4081,0x4081,0x9160,0xF81F,
  0xF81F,0xF81F,0xF81F,0xF81F,0xF81F,0xF81F,0x0002,0xE507,0x0002,0x0002,0xF664,0xAA00,0x0002,0x0002,0x4081,0x0002,0x0002,0x0002,0x0002,0x0002,0x0802,0x60C0,0x4081,0x0002,
  0xF81F,0xF81F,0xF81F,0xF81F,0xF81F,0xF81F,0xF81F,0xE507,0x0802,0xF664,0xFF27,0xF664,0x2041,0xE507,0xF664,0x9160,0x0002,0x0002,0x0002,0x0002,0x0002,0x60C0,0x4081,0x0002,
  0xF81F,0xF81F,0xF81F,0xF81F,0xF81F,0xF81F,0x0002,0xF664,0xF664,0xAA00,0xAA00,0x9160,0xF664,0x9160,0x9160,0xF664,0xF664,0x0802,0x0002,0x0002,0x8140,0x60C0,0x4081,0x0002,
  0xF81F,0xF81F,0xF81F,0xF81F,0x0802,0x0802,0xF664,0xF664,0xAA00,0xF664,0x8140,0xAA00,0xF664,0xFF27,0x60C0,0x60C0,0xF664,0xF664,0xF664,0x0002,0x9160,0x60C0,0x4081,0x0002,
  0xF81F,0xF81F,0x0802,0xAA00,0xF664,0xF664,0xF664,0xAA00,0xF664,0xFF27,0xF664,0x8140,0xAA00,0x8140,0xFF27,0xE507,0x8140,0xF664,0x9160,0x0802,0x9160,0x0002,0x9160,0xF81F,
  0x0002,0x0802,0x9160,0x4081,0xF664,0xF664,0x9160,0xFF27,0xF664,0xAA00,0xF664,0xFF27,0xFF27,0xF664,0xE507,0xF664,0xF664,0xAA00,0x4081,0xCBC6,0x2041,0x60C0,0x0802,0xF81F,
  0x0002,0xCBC6,0xCBC6,0xCBC6,0x4081,0x4081,0xF664,0xF664,0xF664,0xAA00,0xAA00,0xAA00,0xF664,0xF664,0x2041,0xF664,0xF664,0xF664,0x0802,0x9160,0xAA00,0x8140,0x0802,0xF81F,
  0x0802,0x9160,0xAA00,0xE507,0xE507,0xE507,0x0002,0x0002,0x0002,0x0002,0xAA00,0xAA00,0xAA00,0xF664,0xF664,0x2041,0x4081,0x4081,0x9160,0x4081,0x0802,0x4081,0x0002,0xF81F,
  0xF81F,0x8140,0x0802,0x0802,0x8140,0x4081,0xE507,0xFF27,0x2041,0xFF27,0xE507,0xE507,0xCBC6,0x0002,0x0002,0x9160,0x9160,0x4081,0x4081,0x0802,0x0002,0x0002,0xF81F,0xF81F,
  0xF81F,0xCBC6,0x4081,0x9160,0x0802,0x0002,0xE507,0xE507,0x4081,0xE507,0x8140,0x4081,0x9160,0xE507,0xCBC6,0x4081,0x4081,0x0002,0x4081,0x4081,0x0002,0x0002,0xF81F,0xF81F,
  0xF81F,0xCBC6,0x4081,0x9160,0x9160,0x8140,0x81A2,0xE507,0xE507,0xCBC6,0x0002,0x0002,0x4081,0xAA00,0x81A2,0x2041,0x0002,0x0002,0x4081,0x2041,0x0002,0x0002,0xF81F,0xF81F,
  0xF81F,0xCBC6,0x4081,0x4081,0x9160,0x60C0,0x9160,0x9160,0x9160,0x9160,0x9160,0x9160,0x9160,0xFF27,0x9160,0x0002,0x4081,0x4081,0x0002,0x4081,0x4081,0x0002,0xF81F,0xF81F,
  0xF81F,0xE507,0xE507,0x8140,0x9160,0x9160,0x9160,0x9160,0x9160,0x60C0,0x60C0,0x9160,0x9160,0xFF27,0x9160,0x0002,0x0002,0x4081,0x4081,0x4081,0xE507,0x0002,0xF81F,0xF81F,
  0xF81F,0x0802,0xE507,0xCBC6,0x60C0,0x60C0,0x9160,0x9160,0x9160,0x9160,0x9160,0x60C0,0x60C0,0xFF27,0x9160,0x0002,0x0802,0x4081,0x4081,0x8140,0x81A2,0x0802,0xF81F,0xF81F,
  0xF81F,0xF81F,0xF81F,0xF81F,0x0002,0x0002,0x9160,0x9160,0x9160,0x60C0,0x9160,0x9160,0x0002,0x0802,0x0802,0xCBC6,0x4081,0x8140,0x0002,0x0802,0xF81F,0xF81F,0xF81F,0xF81F,
  0xF81F,0xF81F,0xF81F,0xF81F,0xF81F,0xF81F,0x0002,0x0002,0x0002,0x8140,0x8140,0x4081,0x81A2,0xE507,0xCBC6,0x81A2,0x0802,0x0802,0xF81F,0xF81F,0xF81F,0xF81F,0xF81F,0xF81F,
  0xF81F,0xF81F,0xF81F,0xF81F,0xF81F,0xF81F,0xF81F,0xF81F,0xF81F,0xF81F,0xF81F,0x0802,0x0002,0x0002,0x0002,0x0802,0xF81F,0xF81F,0xF81F,0xF81F,0xF81F,0xF81F,0xF81F,0xF81F,
  0xF81F,0xF81F,0xF81F,0xF81F,0xF81F,0xF81F,0xF81F,0xF81F,0xF81F,0xF81F,0xF81F,0xF81F,0xF81F,0xF81F,0xF81F,0xF81F,0xF81F,0xF81F,0xF81F,0xF81F,0xF81F,0xF81F,0xF81F,0xF81F,
};

const uint16_t ICON_SETTINGS[24*24] = {
  0xF81F,0xF81F,0xF81F,0xF81F,0xF81F,0xF81F,0xF81F,0xF81F,0xF81F,0xF81F,0x0000,0x0000,0x0000,0x0000,0xF81F,0xF81F,0xF81F,0xF81F,0xF81F,0xF81F,0xF81F,0xF81F,0xF81F,0xF81F,
  0xF81F,0xF81F,0xF81F,0xF81F,0xF81F,0xF81F,0xF81F,0xF81F,0xF81F,0x0001,0xF81F,0xF81F,0xF81F,0x4A8B,0x0001,0xF81F,0xF81F,0xF81F,0xF81F,0xF81F,0xF81F,0xF81F,0xF81F,0xF81F,
  0xF81F,0xF81F,0xF81F,0xF81F,0xF81F,0x0001,0xF81F,0xF81F,0xF81F,0x0001,0xF81F,0xAD76,0xAD76,0x4A8B,0x0001,0xF81F,0xF81F,0xF81F,0x0001,0xF81F,0xF81F,0xF81F,0xF81F,0xF81F,
  0xF81F,0xF81F,0xF81F,0xF81F,0x0000,0xF81F,0x0000,0xF81F,0x0001,0x0000,0xF81F,0xAD76,0xAD76,0x4A8B,0x0000,0x0000,0xF81F,0x0000,0xF81F,0x0000,0xF81F,0xF81F,0xF81F,0xF81F,
  0xF81F,0xF81F,0xF81F,0x0000,0xAD76,0xAD76,0xAD76,0x4A8B,0xF81F,0xAD76,0xAD76,0xAD76,0xAD76,0xAD76,0xAD76,0xAD76,0xF81F,0xF81F,0xAD76,0xAD76,0x0001,0xF81F,0xF81F,0xF81F,
  0xF81F,0xF81F,0x0000,0x4A8B,0xAD76,0xAD76,0xAD76,0xAD75,0xAD76,0xAD75,0xAD76,0xAD76,0xAD76,0xAD76,0xAD76,0xAD76,0xF81F,0xAD76,0xAD76,0xAD76,0x4A8B,0x0001,0xF81F,0xF81F,
  0xF81F,0xF81F,0x0001,0x0000,0x4A8B,0xAD76,0xAD76,0xAD76,0xAD76,0xAD76,0xAD76,0xAD76,0xAD75,0xAD76,0xAD76,0xAD76,0xAD76,0xAD76,0xAD76,0x4A8B,0x0001,0x0001,0xF81F,0xF81F,
  0xF81F,0xF81F,0x0000,0x0001,0x4A8B,0xAD76,0xAD76,0xAD76,0xAD76,0xAD76,0xAD76,0x4A8B,0x4A8B,0xAD76,0xAD76,0xAD76,0xAD76,0xAD76,0xAD75,0x4A8B,0x0001,0x0000,0xF81F,0xF81F,
  0xF81F,0x0000,0x0000,0x0000,0xAD76,0xAD76,0xAD76,0xAD76,0x0041,0x4A8B,0x0000,0x0001,0x0001,0x0000,0x4A8B,0xF81F,0xAD76,0xAD75,0xAD76,0xAD76,0x0001,0x0000,0x0000,0xF81F,
  0x0000,0xF81F,0xF81F,0xF81F,0xAD76,0xAD76,0xAD76,0xAD76,0x4A8B,0x0000,0x0001,0x0000,0x0001,0x0001,0x0000,0x4A8B,0xAD75,0xAD76,0xAD76,0xAD76,0xF81F,0xF81F,0x4A8B,0x0001,
  0x0001,0xF81F,0xAD76,0xAD76,0xAD76,0xAD76,0xAD76,0xAD76,0x0001,0x0001,0x0001,0xF81F,0xF81F,0x0000,0x0001,0x4A8B,0xAD75,0xAD76,0xAD76,0xAD76,0xAD76,0xAD76,0x4A8B,0x0001,
  0x0001,0xF81F,0xAD76,0xAD76,0xAD76,0xAD76,0xAD76,0xAD76,0x0001,0x0001,0xF81F,0xF81F,0xF81F,0xF81F,0x0000,0x4A8B,0xAD76,0xAD76,0xAD76,0xAD76,0xAD76,0xAD76,0x4A8B,0x0001,
  0x0001,0x4A8B,0x4A8B,0x4A8B,0xAD76,0xAD76,0xAD76,0xAD76,0x4A8B,0x0001,0xF81F,0xF81F,0xF81F,0xF81F,0x0001,0xF81F,0xAD76,0xAD76,0xAD76,0xAD76,0x4A8B,0x4A8B,0x0000,0x0000,
  0x0001,0x0000,0x0001,0x0000,0xF81F,0xAD76,0xAD76,0xAD76,0x4A8B,0x4A8B,0x0000,0xF81F,0xF81F,0x0000,0xF81F,0xAD76,0xAD75,0xAD76,0xAD76,0xB5B7,0x0000,0x0001,0x0001,0x0001,
  0x0000,0x0000,0x0000,0x0001,0x4A8B,0xF81F,0xAD76,0xAD76,0xAD76,0xAD76,0xAD76,0xF81F,0xF81F,0xAD76,0xAD76,0xAD76,0xAD76,0xAD75,0xAD76,0x4A8B,0x0001,0x0001,0x0001,0x0000,
  0xF81F,0xF81F,0xF81F,0x0000,0xAD76,0xAD76,0xAD76,0xAD76,0xAD76,0xAD76,0xAD76,0xAD76,0xAD75,0xAD76,0xAD76,0xAD76,0xAD76,0xAD76,0xAD76,0xAD76,0x0001,0xF81F,0xF81F,0xF81F,
  0xF81F,0xF81F,0x0001,0x4A8B,0xAD76,0xAD76,0xAD76,0xAD76,0xAD76,0xAD76,0xAD76,0xAD76,0xAD76,0xAD76,0xAD76,0xAD76,0xAD76,0xAD76,0xAD76,0xAD76,0x4A8B,0x0001,0xF81F,0xF81F,
  0xF81F,0xF81F,0x0000,0x0000,0x4A8B,0xAD76,0x4A8B,0x0000,0x0000,0xF81F,0xAD76,0xAD76,0xAD76,0xAD76,0x4A8B,0x0041,0x0000,0xF81F,0xAD76,0x4A8B,0x0001,0x0001,0xF81F,0xF81F,
  0xF81F,0xF81F,0x0001,0x0000,0x0000,0x4A8B,0x0001,0x0001,0x0000,0x4A8B,0xF81F,0xAD76,0xAD76,0x4A8B,0x0001,0x0001,0x0001,0x0000,0x4A8B,0x0001,0x0001,0x0001,0xF81F,0xF81F,
  0xF81F,0xF81F,0xF81F,0x0000,0x0001,0x0000,0x0000,0x0001,0x0001,0x4A8B,0xF81F,0xAD76,0xAD76,0x4A8B,0x0000,0x0001,0x0000,0x0001,0x0001,0x0001,0x0000,0xF81F,0xF81F,0xF81F,
  0xF81F,0xF81F,0xF81F,0xF81F,0x0000,0x0001,0x0000,0xF81F,0x0001,0x4A8B,0xF81F,0x4A8B,0x4A8B,0x4A8B,0x0000,0x0000,0xF81F,0x0001,0x0001,0x0000,0xF81F,0xF81F,0xF81F,0xF81F,
  0xF81F,0xF81F,0xF81F,0xF81F,0xF81F,0x0001,0xF81F,0xF81F,0x0000,0x0001,0x4A8B,0x0001,0x0001,0x0001,0x0001,0x0000,0xF81F,0xF81F,0x0000,0xF81F,0xF81F,0xF81F,0xF81F,0xF81F,
  0xF81F,0xF81F,0xF81F,0xF81F,0xF81F,0xF81F,0xF81F,0xF81F,0xF81F,0x0001,0x0001,0x0001,0x0000,0x0001,0x0000,0xF81F,0xF81F,0xF81F,0xF81F,0xF81F,0xF81F,0xF81F,0xF81F,0xF81F,
  0xF81F,0xF81F,0xF81F,0xF81F,0xF81F,0xF81F,0xF81F,0xF81F,0xF81F,0xF81F,0x0000,0x0000,0x0000,0x0000,0xF81F,0xF81F,0xF81F,0xF81F,0xF81F,0xF81F,0xF81F,0xF81F,0xF81F,0xF81F,
};

const uint16_t ICON_SWAP[24*24] = {
  0xF81F,0xF81F,0xF81F,0xF81F,0xF81F,0xF81F,0xF81F,0xF81F,0xF81F,0x0004,0x0004,0x0004,0x0005,0x0004,0x0005,0xF81F,0xF81F,0xF81F,0xF81F,0xF81F,0xF81F,0xF81F,0xF81F,0xF81F,
  0xF81F,0xF81F,0xF81F,0xF81F,0xF81F,0xF81F,0x0005,0x0005,0x257E,0x041E,0x041E,0x041E,0x041E,0x041E,0x257E,0x257E,0x0005,0x0005,0xF81F,0xF81F,0x0005,0xF81F,0xF81F,0xF81F,
  0xF81F,0xF81F,0xF81F,0xF81F,0x0005,0x03DD,0x041E,0x041E,0x041E,0x041E,0x041E,0x041E,0x041E,0x041E,0x041E,0x041E,0x257E,0x257E,0x0005,0x0005,0x257E,0xF81F,0xF81F,0xF81F,
  0xF81F,0xF81F,0xF81F,0x0004,0x0005,0x041E,0x041E,0x041E,0x041E,0x041E,0x041E,0x041E,0x041E,0x041E,0x041E,0x041E,0x041E,0x257E,0x0005,0x257E,0x257E,0xF81F,0xF81F,0xF81F,
  0xF81F,0xF81F,0x0005,0x010D,0x03DD,0x041E,0x041E,0x041E,0x041E,0x0005,0x0005,0x0005,0x0005,0x03DD,0x041E,0x041E,0x041E,0x041E,0x041E,0x041E,0x257E,0x0005,0xF81F,0xF81F,
  0xF81F,0xF81F,0x0005,0x010D,0x010D,0x03DD,0x03DD,0x010D,0x0005,0x0004,0x0004,0x0004,0x0004,0x0005,0x0005,0x03DD,0x041E,0x041E,0x041E,0x041E,0x257E,0x0005,0xF81F,0xF81F,
  0xF81F,0x0005,0x010D,0x010D,0x010D,0x010D,0x0005,0x0005,0xF81F,0xF81F,0xF81F,0xF81F,0xF81F,0xF81F,0x0005,0x041E,0x041E,0x041E,0x041E,0x041E,0x041E,0x0004,0xF81F,0xF81F,
  0xF81F,0x0005,0x010D,0x010D,0x010D,0x0005,0x0004,0xF81F,0xF81F,0xF81F,0xF81F,0xF81F,0xF81F,0xF81F,0x0005,0x257E,0x041E,0x041E,0x041E,0x041E,0x041E,0x257E,0xF81F,0xF81F,
  0xF81F,0x0005,0x010D,0x010D,0x0005,0x0005,0xF81F,0xF81F,0xF81F,0xF81F,0xF81F,0xF81F,0xF81F,0x0005,0x0005,0x010D,0x03DD,0x041E,0x041E,0x041E,0x041E,0x257E,0x0005,0xF81F,
  0xF81F,0x0005,0x010D,0x0005,0xF81F,0xF81F,0xF81F,0xF81F,0xF81F,0xF81F,0xF81F,0xF81F,0xF81F,0xF81F,0xF81F,0x0005,0x0005,0x0005,0x0005,0x0005,0x010D,0x03DD,0x0005,0xF81F,
  0xF81F,0x0005,0x0005,0xF81F,0xF81F,0xF81F,0xF81F,0xF81F,0xF81F,0xF81F,0xF81F,0xF81F,0xF81F,0xF81F,0xF81F,0xF81F,0xF81F,0xF81F,0xF81F,0x0005,0x0005,0x0005,0xF81F,0xF81F,
  0xF81F,0xF81F,0x0005,0xF81F,0xF81F,0xF81F,0xF81F,0xF81F,0xF81F,0xF81F,0xF81F,0xF81F,0xF81F,0xF81F,0xF81F,0xF81F,0xF81F,0xF81F,0xF81F,0xF81F,0xF81F,0xF81F,0xF81F,0xF81F,
  0xF81F,0xF81F,0xF81F,0xF81F,0xF81F,0xF81F,0xF81F,0xF81F,0xF81F,0xF81F,0xF81F,0xF81F,0xF81F,0xF81F,0xF81F,0xF81F,0xF81F,0xF81F,0xF81F,0xF81F,0xF81F,0x0005,0x0005,0xF81F,
  0xF81F,0x0005,0xFBC0,0x0004,0x0004,0x0005,0xF81F,0xF81F,0xF81F,0xF81F,0xF81F,0xF81F,0xF81F,0xF81F,0xF81F,0xF81F,0xF81F,0xF81F,0xF81F,0xF81F,0xF81F,0xFDE2,0x0004,0xF81F,
  0xF81F,0x0005,0xFBC0,0xFC20,0xFC20,0xFDE2,0xFDE2,0x0004,0x0004,0x0004,0x0005,0xF81F,0xF81F,0xF81F,0xF81F,0xF81F,0xF81F,0xF81F,0xF81F,0x0005,0x0004,0xFAE0,0x0004,0xF81F,
  0xF81F,0x0005,0xFC20,0xFC20,0xFC20,0xFC20,0xFC20,0xFDE2,0xFDE2,0xFDE2,0x0004,0xF81F,0xF81F,0xF81F,0xF81F,0xF81F,0xF81F,0xF81F,0xF81F,0x0005,0xFAE0,0xFAE0,0x0005,0xF81F,
  0xF81F,0xF81F,0x7861,0xFC20,0xFC20,0xFC20,0xFC20,0xFC20,0xFC20,0x0004,0xF81F,0xF81F,0xF81F,0xF81F,0xF81F,0xF81F,0xF81F,0x0005,0x0005,0xFC20,0xFAE0,0xFAE0,0x0004,0xF81F,
  0xF81F,0xF81F,0x0005,0xFC20,0xFC20,0xFC20,0xFC20,0xFC20,0xFC20,0x0005,0xF81F,0xF81F,0xF81F,0xF81F,0xF81F,0xF81F,0x0005,0x0004,0xFDE2,0xFAE0,0xFAE0,0xFAE0,0x0005,0xF81F,
  0xF81F,0xF81F,0x0005,0xFAE0,0xFC20,0xFC20,0xFC20,0xFC20,0xFC20,0xFDE2,0x0004,0x0005,0x0005,0x0005,0x0005,0x0005,0xFDE2,0xFC20,0xFAE0,0xFAE0,0xFAE0,0x0005,0xF81F,0xF81F,
  0xF81F,0xF81F,0x0005,0xFAE0,0xFC20,0x7861,0xFC20,0xFC20,0xFC20,0xFC20,0xFBC0,0xFDE2,0xFDE2,0xFDE2,0xFDE2,0xFAE0,0xFAE0,0xFAE0,0xFAE0,0xFAE0,0x0004,0x0005,0xF81F,0xF81F,
  0xF81F,0xF81F,0xF81F,0xFAE0,0xFBC0,0x0004,0xFAE0,0xFBC0,0xFC20,0xFC20,0xFC20,0xFC20,0xFC20,0xFC20,0xFBC0,0xFAE0,0xFAE0,0xFAE0,0xFAE0,0x0004,0x0005,0xF81F,0xF81F,0xF81F,
  0xF81F,0xF81F,0xF81F,0x7861,0x0004,0x0004,0x0005,0x0004,0x7861,0xFBC0,0xFBC0,0xFC20,0xFBC0,0xFBC0,0xFAE0,0xFAE0,0xFAE0,0x7861,0x0005,0x0004,0xF81F,0xF81F,0xF81F,0xF81F,
  0xF81F,0xF81F,0xF81F,0x0004,0x0005,0xF81F,0xF81F,0x0005,0x0005,0x0004,0x7861,0x7861,0x7861,0x7861,0x7861,0x0004,0x0005,0x0005,0xF81F,0xF81F,0xF81F,0xF81F,0xF81F,0xF81F,
  0xF81F,0xF81F,0xF81F,0xF81F,0xF81F,0xF81F,0xF81F,0xF81F,0xF81F,0x0005,0x0005,0x0005,0x0004,0x0005,0x0005,0x0005,0xF81F,0xF81F,0xF81F,0xF81F,0xF81F,0xF81F,0xF81F,0xF81F,
};

const uint16_t ICON_JELLYBEAN[24*24] = {
  0xF81F,0xF81F,0xF81F,0xF81F,0xF81F,0xF81F,0xF81F,0xF81F,0xF81F,0xF81F,0xF81F,0xF81F,0xF81F,0xF81F,0xF81F,0xF81F,0xF81F,0xF81F,0xF81F,0xF81F,0xF81F,0xF81F,0xF81F,0xF81F,
  0xF81F,0xF81F,0xF81F,0xF81F,0xF81F,0xF81F,0xF81F,0xF81F,0xF81F,0xF81F,0xF81F,0xF81F,0xF81F,0xF81F,0xF81F,0xF81F,0xF81F,0xF81F,0xF81F,0xF81F,0xF81F,0xF81F,0xF81F,0xF81F,
  0xF81F,0xF81F,0xF81F,0xF81F,0xF81F,0xF81F,0xF81F,0xF81F,0xF81F,0xF81F,0xF81F,0xF81F,0xF81F,0xF81F,0xF81F,0xF81F,0xF81F,0xF81F,0xF81F,0xF81F,0xF81F,0xF81F,0xF81F,0xF81F,
  0xF81F,0xF81F,0xF81F,0xF81F,0xF81F,0xF81F,0xF81F,0xF81F,0xF81F,0xF81F,0xF81F,0xF81F,0xF81F,0xF81F,0xF81F,0xF81F,0xF81F,0xF81F,0xF81F,0xF81F,0xF81F,0xF81F,0xF81F,0xF81F,
  0xF81F,0xF81F,0xF81F,0xF81F,0xF81F,0xF81F,0xF81F,0xF81F,0xF81F,0xF81F,0xF81F,0xF81F,0xF81F,0xF81F,0x0000,0x0000,0x0000,0x0000,0x0000,0xF81F,0xF81F,0xF81F,0xF81F,0xF81F,
  0xF81F,0xF81F,0xF81F,0xF81F,0xF81F,0xF81F,0xF81F,0xF81F,0xF81F,0xF81F,0xF81F,0xF81F,0xF81F,0x0000,0x0000,0xE091,0xE091,0xE091,0xE091,0x0000,0x0000,0xF81F,0xF81F,0xF81F,
  0xF81F,0xF81F,0xF81F,0xF81F,0xF81F,0x0000,0x0000,0x0000,0x0000,0x0000,0x0000,0x0000,0x0000,0xC80E,0xF934,0xF934,0xF934,0xFE5F,0xFE5F,0xF934,0xC80E,0x0000,0xF81F,0xF81F,
  0xF81F,0xF81F,0xF81F,0x0000,0x0000,0xC80E,0xE091,0xE091,0xE091,0xE091,0xC80E,0xC80E,0xF954,0xF934,0xF954,0xF934,0xFE5F,0xFE5F,0xFE5F,0xF955,0xF934,0xC80E,0x0000,0xF81F,
  0xF81F,0xF81F,0x0000,0xC80E,0xF954,0xF934,0xFE5F,0xE091,0xF934,0xF954,0xF954,0xF954,0xF954,0xF934,0xF955,0xFE5F,0xF934,0xFE5F,0xFE5F,0xF934,0xF954,0xF954,0x0000,0xF81F,
  0xF81F,0x0000,0x980B,0xF934,0xF934,0xF934,0xF934,0xF934,0xF954,0xF955,0xF955,0xF934,0xF934,0xF954,0xFE5F,0xFE5F,0xFE5F,0xFE5F,0xF954,0xF955,0xE091,0xF934,0xC80E,0x0000,
  0x0000,0xE091,0xD80E,0xD00E,0xF934,0xF934,0xF955,0xF955,0xF954,0xF954,0xF934,0xF934,0xF934,0xF934,0xF934,0xF934,0xF954,0xF954,0xF934,0xF934,0xF934,0xD00E,0xD80E,0x0000,
  0x0000,0x980B,0xD80E,0x980B,0xD00E,0xF954,0xF954,0xF954,0xF954,0xF934,0xF934,0xF934,0xF934,0xF934,0xF934,0xF954,0xF954,0xF934,0xF934,0xF934,0xD80E,0xD80E,0xD80E,0x0000,
  0x0000,0x980B,0xD80E,0x980B,0x980B,0xD80E,0xF954,0xF954,0xF954,0xF954,0xF934,0xF934,0xF934,0xF954,0xF954,0xF954,0xF934,0xF934,0xF934,0xD80E,0xD80E,0xD80E,0xD00E,0x0000,
  0x0000,0x980B,0xD00E,0x980B,0x980B,0x980B,0x800A,0xD80E,0xF954,0xF934,0xF954,0xF934,0xF934,0xF934,0xF954,0xF934,0xD80E,0xD80E,0xD80E,0xD00E,0xD80E,0xD00E,0x0000,0x0000,
  0x0000,0x0000,0xD80E,0xD80E,0x980B,0x980B,0x980B,0x980B,0x980B,0xD80E,0xD00E,0xD00E,0xD00E,0xD80E,0xD00E,0xD80E,0xD00E,0xD80E,0xD80E,0xD80E,0xD00E,0x800A,0x0000,0xF81F,
  0xF81F,0x0000,0x800A,0xD00E,0xD00E,0x980B,0x980B,0x980B,0x980B,0x980B,0x980B,0xD80E,0xD80E,0xD00E,0xD80E,0xD80E,0xD00E,0xD00E,0xD80E,0xD80E,0x800A,0x0000,0xF81F,0xF81F,
  0xF81F,0x0000,0x0000,0x800A,0xD80E,0xD00E,0xD80E,0x980B,0x980B,0x980B,0x980B,0xD00E,0xD80E,0xD00E,0xD80E,0xD80E,0xD00E,0xD00E,0xD00E,0x0000,0x0000,0xF81F,0xF81F,0xF81F,
  0xF81F,0xF81F,0xF81F,0x0000,0x0000,0x800A,0xD80E,0xD00E,0xD00E,0xD80E,0xD00E,0xD00E,0xD00E,0xD80E,0xD80E,0xD80E,0x800A,0x0000,0x0000,0xF81F,0xF81F,0xF81F,0xF81F,0xF81F,
  0xF81F,0xF81F,0xF81F,0xF81F,0x0000,0x0000,0x0000,0x0000,0x800A,0x800A,0x800A,0x800A,0x800A,0x800A,0x0000,0x0000,0x0000,0x0000,0xF81F,0xF81F,0xF81F,0xF81F,0xF81F,0xF81F,
  0xF81F,0xF81F,0xF81F,0xF81F,0xF81F,0xF81F,0xF81F,0x0000,0x0000,0x0000,0x0000,0x0000,0x0000,0x0000,0x0000,0xF81F,0xF81F,0xF81F,0xF81F,0xF81F,0xF81F,0xF81F,0xF81F,0xF81F,
  0xF81F,0xF81F,0xF81F,0xF81F,0xF81F,0xF81F,0xF81F,0xF81F,0xF81F,0xF81F,0xF81F,0xF81F,0xF81F,0xF81F,0xF81F,0xF81F,0xF81F,0xF81F,0xF81F,0xF81F,0xF81F,0xF81F,0xF81F,0xF81F,
  0xF81F,0xF81F,0xF81F,0xF81F,0xF81F,0xF81F,0xF81F,0xF81F,0xF81F,0xF81F,0xF81F,0xF81F,0xF81F,0xF81F,0xF81F,0xF81F,0xF81F,0xF81F,0xF81F,0xF81F,0xF81F,0xF81F,0xF81F,0xF81F,
  0xF81F,0xF81F,0xF81F,0xF81F,0xF81F,0xF81F,0xF81F,0xF81F,0xF81F,0xF81F,0xF81F,0xF81F,0xF81F,0xF81F,0xF81F,0xF81F,0xF81F,0xF81F,0xF81F,0xF81F,0xF81F,0xF81F,0xF81F,0xF81F,
  0xF81F,0xF81F,0xF81F,0xF81F,0xF81F,0xF81F,0xF81F,0xF81F,0xF81F,0xF81F,0xF81F,0xF81F,0xF81F,0xF81F,0xF81F,0xF81F,0xF81F,0xF81F,0xF81F,0xF81F,0xF81F,0xF81F,0xF81F,0xF81F,
};

const uint16_t ICON_SPARKLE[24*24] = {
  0xF81F,0xF81F,0xF81F,0xF81F,0xF81F,0xF81F,0xF81F,0xF81F,0xF81F,0xF81F,0xF81F,0x0000,0x0000,0xF81F,0xF81F,0xF81F,0xF81F,0xF81F,0xF81F,0xF81F,0xF81F,0xF81F,0xF81F,0xF81F,
  0xF81F,0xF81F,0xF81F,0xF81F,0xF81F,0xF81F,0xF81F,0xF81F,0xF81F,0xF81F,0x0000,0xFEE0,0xFEE0,0x0000,0xF81F,0xF81F,0xF81F,0xF81F,0xF81F,0xF81F,0xF81F,0xF81F,0xF81F,0xF81F,
  0xF81F,0xF81F,0xF81F,0xF81F,0xF81F,0xF81F,0xF81F,0xF81F,0xF81F,0xF81F,0x0000,0xFF60,0xFEE0,0x0000,0xF81F,0xF81F,0xF81F,0xF81F,0xF81F,0xF81F,0xF81F,0xF81F,0xF81F,0xF81F,
  0xF81F,0xF81F,0xF81F,0xF81F,0xF81F,0xF81F,0xF81F,0xF81F,0xF81F,0xF81F,0x0000,0xFF60,0xFEE0,0x0000,0xF81F,0xF81F,0xF81F,0xF81F,0xF81F,0xF81F,0xF81F,0xF81F,0xF81F,0xF81F,
  0xF81F,0xF81F,0xF81F,0xF81F,0xF81F,0xF81F,0xF81F,0xF81F,0xF81F,0x0000,0x0000,0xFF60,0xFEE0,0x0000,0x0000,0xF81F,0xF81F,0xF81F,0xF81F,0xF81F,0xF81F,0xF81F,0xF81F,0xF81F,
  0xF81F,0xF81F,0xF81F,0xF81F,0xF81F,0xF81F,0xF81F,0xF81F,0xF81F,0x0000,0xFE20,0xFF80,0xFF80,0xFE20,0x0000,0xF81F,0xF81F,0xF81F,0xF81F,0xF81F,0xF81F,0xF81F,0xF81F,0xF81F,
  0xF81F,0xF81F,0xF81F,0xF81F,0xF81F,0xF81F,0xF81F,0xF81F,0x0000,0x0000,0xFEE0,0xFFFD,0xFFFD,0xFF60,0x0000,0x0000,0xF81F,0xF81F,0xF81F,0xF81F,0xF81F,0xF81F,0xF81F,0xF81F,
  0xF81F,0xF81F,0xF81F,0xF81F,0xF81F,0xF81F,0xF81F,0xF81F,0x0000,0x0000,0xFEE0,0xFFFD,0xFFFD,0xFF80,0x0000,0x0000,0xF81F,0xF81F,0xF81F,0xF81F,0xF81F,0xF81F,0xF81F,0xF81F,
  0xF81F,0xF81F,0xF81F,0xF81F,0xF81F,0xF81F,0x0000,0x0000,0x0000,0xFF60,0xFFFD,0xFFA0,0xFFA0,0xFF80,0xFD60,0x0000,0x0000,0x0000,0xF81F,0xF81F,0xF81F,0xF81F,0xF81F,0xF81F,
  0xF81F,0xF81F,0xF81F,0x0000,0x0000,0x0000,0x0000,0xFD60,0xFEE0,0xFFA0,0xFFFD,0xFFFD,0xFFFD,0xFF80,0xFF80,0xFD60,0xEC20,0x0000,0x0000,0x0000,0x0000,0xF81F,0xF81F,0xF81F,
  0x0000,0x0000,0x0000,0x0000,0xE340,0xE340,0xFF60,0xFFFD,0xFFFD,0xFFA0,0xFFFD,0xFF80,0xFF80,0xFF80,0xFFA0,0xFFA0,0xFF60,0xFEE0,0xE340,0xEC20,0x0000,0x0000,0x0000,0x0000,
  0x0000,0x0000,0x0000,0x0000,0xE340,0xE340,0xFF60,0xFFFD,0xFFFD,0xFFA0,0xFFA0,0xFF80,0xFF80,0xFF80,0xFF80,0xFFA0,0xFFA0,0xFEE0,0xE340,0xE340,0x0000,0x0000,0x0000,0x0000,
  0x0000,0x0000,0xE340,0xFD60,0xFD60,0xFE20,0xFF60,0xFF80,0xFFA0,0xFFA0,0xFF80,0xFF80,0xFF80,0xFF80,0xFF80,0xFF80,0xFEE0,0xFEE0,0xFE20,0xFE20,0xFD60,0xE340,0x0000,0x0000,
  0x0000,0x0000,0x0000,0x0000,0xEC20,0xEC20,0xFD60,0xFE20,0xFF80,0xFF80,0xFF80,0xFF80,0xFF80,0xFF80,0xFEE0,0xFE20,0xFD60,0xFD60,0xE340,0xEC20,0x0000,0x0000,0x0000,0x0000,
  0xF81F,0xF81F,0xF81F,0x0000,0x0000,0x0000,0x0000,0xE340,0xEC20,0xFE20,0xFF80,0xFFA0,0xFFA0,0xFE20,0xFD60,0xEC20,0xE340,0x0000,0x0000,0x0000,0x0000,0xF81F,0xF81F,0xF81F,
  0xF81F,0xF81F,0xF81F,0xF81F,0xF81F,0xF81F,0x0000,0x0000,0x0000,0xEC20,0xFE20,0xFF80,0xFFA0,0xFD60,0xEC20,0x0000,0x0000,0x0000,0xF81F,0xF81F,0xF81F,0xF81F,0xF81F,0xF81F,
  0xF81F,0xF81F,0xF81F,0xF81F,0xF81F,0xF81F,0xF81F,0xF81F,0x0000,0x0000,0xFD60,0xFF80,0xFF80,0xFD60,0x0000,0x0000,0xF81F,0xF81F,0xF81F,0xF81F,0xF81F,0xF81F,0xF81F,0xF81F,
  0xF81F,0xF81F,0xF81F,0xF81F,0xF81F,0xF81F,0xF81F,0xF81F,0xF81F,0x0000,0xEC20,0xFE20,0xFE20,0xE340,0x0000,0xF81F,0xF81F,0xF81F,0xF81F,0xF81F,0xF81F,0xF81F,0xF81F,0xF81F,
  0xF81F,0xF81F,0xF81F,0xF81F,0xF81F,0xF81F,0xF81F,0xF81F,0xF81F,0x0000,0xEC20,0xFE20,0xFE20,0xE340,0x0000,0xF81F,0xF81F,0xF81F,0xF81F,0xF81F,0xF81F,0xF81F,0xF81F,0xF81F,
  0xF81F,0xF81F,0xF81F,0xF81F,0xF81F,0xF81F,0xF81F,0xF81F,0xF81F,0x0000,0x0000,0xFE20,0xFD60,0x0000,0x0000,0xF81F,0xF81F,0xF81F,0xF81F,0xF81F,0xF81F,0xF81F,0xF81F,0xF81F,
  0xF81F,0xF81F,0xF81F,0xF81F,0xF81F,0xF81F,0xF81F,0xF81F,0xF81F,0xF81F,0x0000,0xE340,0xE340,0x0000,0xF81F,0xF81F,0xF81F,0xF81F,0xF81F,0xF81F,0xF81F,0xF81F,0xF81F,0xF81F,
  0xF81F,0xF81F,0xF81F,0xF81F,0xF81F,0xF81F,0xF81F,0xF81F,0xF81F,0xF81F,0x0000,0xE340,0xE340,0x0000,0xF81F,0xF81F,0xF81F,0xF81F,0xF81F,0xF81F,0xF81F,0xF81F,0xF81F,0xF81F,
  0xF81F,0xF81F,0xF81F,0xF81F,0xF81F,0xF81F,0xF81F,0xF81F,0xF81F,0xF81F,0x0000,0x0000,0x0000,0x0000,0xF81F,0xF81F,0xF81F,0xF81F,0xF81F,0xF81F,0xF81F,0xF81F,0xF81F,0xF81F,
  0xF81F,0xF81F,0xF81F,0xF81F,0xF81F,0xF81F,0xF81F,0xF81F,0xF81F,0xF81F,0xF81F,0x0000,0x0000,0xF81F,0xF81F,0xF81F,0xF81F,0xF81F,0xF81F,0xF81F,0xF81F,0xF81F,0xF81F,0xF81F,
};
